Date,Close,High,Low,Open,Volume
2012-01-03,12.32168960571289,12.359743102469352,12.254872558812515,12.26685803812144,302220800
2012-01-04,12.387908935546875,12.425063926074142,12.263263135463715,12.284836200832308,260022000
2012-01-05,12.525439262390137,12.541019587021268,12.364837023261211,12.433153462362997,271269600
2012-01-06,12.6563720703125,12.666858960976063,12.56108994356021,12.577569571773942,318292800
2012-01-09,12.636298179626465,12.816675599093925,12.62491197703761,12.749259294537902,394024400
2012-01-10,12.681543350219727,12.764241545054652,12.629407323015455,12.761544412558633,258196400
2012-01-11,12.660867691040039,12.669856798407288,12.563787731769448,12.664762570849899,215084800
2012-01-12,12.62610912322998,12.67135309150542,12.547006587905663,12.652776405231473,212587200
2012-01-13,12.57876968383789,12.597946447603428,12.544312636594624,12.57547487771362,226021600
2012-01-17,12.725285530090332,12.76393828292085,12.67314951932771,12.710303687888894,242897200
2012-01-18,12.857423782348633,12.86820990964565,12.773227821535668,12.793003054995578,276791200
2012-01-19,12.816679954528809,12.925145352498223,12.779525765132536,12.888591237224896,261738400
2012-01-20,12.593448638916016,12.809182381784954,12.576969011339852,12.808883144968258,413974400
2012-01-23,12.806489944458008,12.83765218798963,12.653379059857286,12.664465227218233,306062400
2012-01-24,12.596745491027832,12.73727238577942,12.57097751974405,12.73727238577942,547638000
2012-01-25,13.383275032043457,13.61668617107432,13.295483422594584,13.61638693423042,958314000
2012-01-26,13.322454452514648,13.447099434282057,13.277809743150968,13.434216244436827,323985200
2012-01-27,13.401853561401367,13.437809191277275,13.296683804071016,13.313761908161034,299709200
2012-01-30,13.573538780212402,13.600206061142469,13.345221089820408,13.354808669399915,379341200
2012-01-31,13.677509307861328,13.730243793332518,13.575335142125597,13.650842028226148,391683600
2012-02-01,13.668821334838867,13.752718059474761,13.649646175074006,13.735339920857854,270046000
2012-02-02,13.636763572692871,13.698187141533325,13.602605763640682,13.660134452539552,186796400
2012-02-03,13.773396492004395,13.782984874692099,13.649949265294952,13.702085296060657,286599600
2012-02-06,13.901934623718262,13.93219755103416,13.72904933040134,13.7344419945857,249412800
2012-02-07,14.047561645507812,14.075128252282957,13.920217907935047,13.940293989005516,316223600
2012-02-08,14.282767295837402,14.286062102047937,14.073624711036786,14.097595666371321,407890000
2012-02-09,14.77685546875,14.884123082378935,14.3990217257655,14.405014463973579,884214800
2012-02-10,14.784346580505371,14.910190887494736,14.638426199669782,14.710638297904959,631302000
2012-02-13,15.059409141540527,15.096263286430887,14.894311981592066,14.96742179756839,517216000
2012-02-14,15.264948844909668,15.267944413218608,15.041425362412701,15.121126361752118,460398400
2012-02-15,14.911691665649414,15.76923101486202,14.888319183424132,15.408776964736186,1506120000
2012-02-16,15.047721862792969,15.12802296006903,14.580897925778746,14.72681831076752,944552000
2012-02-17,15.045029640197754,15.214320951939797,14.99049650398155,15.074692504308784,535805200
2012-02-21,15.426447868347168,15.426447868347168,15.104944389792667,15.187642544592938,605595200
2012-02-22,15.372222900390625,15.445631957005627,15.253269024824641,15.373421448257755,483302400
2012-02-23,15.472600936889648,15.515748666946857,15.266156234688912,15.433349688166414,568027600
2012-02-24,15.652975082397461,15.667656892918481,15.540015552534864,15.570876958279648,415072000
2012-02-27,15.753341674804688,15.835439743754744,15.469292437473912,15.620005321715059,547582000
2012-02-28,16.04249382019043,16.04249382019043,15.756047319536952,15.819269510816165,600387200
2012-02-29,16.253135681152344,16.408046001319658,16.051185955036715,16.226769226811264,952011200
2012-03-01,16.31395721435547,16.426020621493375,16.143168171733933,16.42482047362524,683270000
2012-03-02,16.335237503051758,16.383776300271116,16.25553485537755,16.307072423110508,431712400
2012-03-05,15.975076675415039,16.40414552987497,15.760539847889394,16.342422726607108,809124400
2012-03-06,15.88818359375,15.990956259026373,15.467502950814982,15.690428023174917,810238800
2012-03-07,15.901073455810547,16.11351090350176,15.679646097371661,16.084147275481136,798520800
2012-03-08,16.239652633666992,16.269614729256272,15.943916956992874,16.020921654917856,516457200
2012-03-09,16.334930419921875,16.41193509726481,16.273206023197943,16.306165279655122,418919200
2012-03-12,16.539583206176758,16.539583206176758,16.38976632038893,16.449093640740376,407282400
2012-03-13,17.021989822387695,17.024386918599,16.651945695706583,16.705581123483988,690855200
2012-03-14,17.665590286254883,17.81959966967463,17.240713915377793,17.32011730275437,1418844000
2012-03-15,17.54513931274414,17.978104697303674,17.33509901481052,17.966119219496267,1159718000
2012-03-16,17.54543685913086,17.654202259408237,17.318616914121048,17.519968121293363,825487600
2012-03-19,18.010766983032227,18.030841460729228,17.649712819839596,17.92896808698478,901236000
2012-03-20,18.156387329101562,18.18455080390183,17.722522599013754,17.963125084469336,816662000
2012-03-21,18.052705764770508,18.26694170252281,18.020047349808067,18.05989704885308,644042000
2012-03-22,17.95802879333496,18.112638244354795,17.84386912654886,17.911285433605087,623870800
2012-03-23,17.859458923339844,18.031745836275444,17.810019207347253,17.99249458065717,430488800
2012-03-26,18.18694305419922,18.192038081464734,17.83577822114506,17.971508531348643,595742000
2012-03-27,18.411670684814453,18.465603736299975,18.159381970410852,18.162977613856377,607129600
2012-03-28,18.505752563476562,18.62051070574,18.286722371207265,18.528523369645548,655460400
2012-03-29,18.273239135742188,18.47399187586995,18.194437424470483,18.360731518024483,608238400
2012-03-30,17.96431541442871,18.294207165471583,17.916074284519517,18.24057337268403,731038000
2012-04-02,18.536020278930664,18.540214396877175,17.989194349455886,18.032641314875843,598351600
2012-04-03,18.856319427490234,18.94291410113849,18.652271876615544,18.79579356708052,834559600
2012-04-04,18.706205368041992,18.752647893643,18.48717516521357,18.707403915803255,572980800
2012-04-05,18.98695945739746,19.016323076640834,18.678939092027587,18.78620671340961,641298000
2012-04-09,19.063371658325195,19.1715386335826,18.735876762337192,18.76074543744334,597536800
2012-04-10,18.829954147338867,19.296178042995532,18.75684433129117,19.174228603948535,889725200
2012-04-11,18.762834548950195,19.08253953264654,18.677139192343088,19.062465059719976,696614800
2012-04-12,18.660062789916992,18.916547220002645,18.592046402023136,18.72688063000394,614336800
2012-04-13,18.134510040283203,18.717890734294816,18.082974089153815,18.70021175559279,859644800
2012-04-16,17.382444381713867,18.285827952174678,17.326114224777996,18.27923673814085,1050786800
2012-04-17,18.268449783325195,18.27743809339614,17.13614834225161,17.34678875668613,1025528000
2012-04-18,18.22769546508789,18.584555434406333,18.059002680165463,18.388896126893194,954531200
2012-04-19,17.60146713256836,18.119527740912105,17.513974756331894,17.984394296833955,834719200
2012-04-20,17.168201446533203,17.81660126609701,17.091496003910322,17.7195205152251,1030985200
2012-04-23,17.129850387573242,17.27876794108371,16.678009099888293,17.097191962549118,966529200
2012-04-24,16.787677764892578,17.009703580937153,16.629472629510968,16.857491185547087,1076149200
2012-04-25,18.277437210083008,18.517142002432536,18.15758561400702,18.446429272712145,905777600
2012-04-26,18.208513259887695,18.417955002964977,18.04161914645997,18.40536945603979,536068400
2012-04-27,18.067691802978516,18.162975543324148,17.992784973365293,18.12971704539244,406722400
2012-04-30,17.49779510498047,17.92986272031784,17.46843148842902,17.91188450604233,506144800
2012-05-01,17.442365646362305,17.88072367084223,17.41539912293186,17.525363075199643,610999200
2012-05-02,17.55772590637207,17.600273558892155,17.344389169889876,17.385738274448865,427389200
2012-05-03,17.433080673217773,17.72012731833713,17.387537449445368,17.69316078845369,390549600
2012-05-04,16.936588287353516,17.329403065891444,16.934191192130502,17.291051142520324,529992400
2012-05-07,17.063331604003906,17.161910143111665,16.816136364014806,16.824226960302855,460118400
2012-05-08,17.02437400817871,17.123850225114726,16.74122403378513,17.066321559867937,497252000
2012-05-09,17.05434799194336,17.198172155745297,16.8047571648424,16.8901517119701,480704000
2012-05-10,17.094491958618164,17.255094132754238,17.032170685313954,17.21614213679134,333200000
2012-05-11,16.980337142944336,17.212850615516693,16.90962442295251,16.92910042465019,399546000
2012-05-14,16.7259464263916,17.004302283050507,16.707369740198633,16.856285666962687,352626400
2012-05-15,16.574628829956055,16.875757006053128,16.53208120545294,16.822723293943525,476336000
2012-05-16,16.36219596862793,16.686096628571466,16.21118218453209,16.601001356555948,560896000
2012-05-17,15.883987426757812,16.404744335470962,15.883987426757812,16.339125057292044,717220000
2012-05-18,15.891776084899902,16.282193720922074,15.646080255091514,15.999043682840357,732292400
2012-05-21,16.81763458251953,16.825425942160205,16.001742091250325,16.015226952144133,631106000
2012-05-22,16.688495635986328,17.195169246435402,16.55695783357683,17.065428465377295,694870400
2012-05-23,17.09568977355957,17.162806828186692,16.57643071065666,16.704371245873553,584897600
2012-05-24,16.938690185546875,17.273677121969303,16.81614066328905,17.254799592536582,496230000
2012-05-25,16.8478946685791,16.954563788738646,16.733435790289693,16.916810345115422,328507200
2012-05-29,17.14693260192871,17.198769400616488,16.938391659822496,17.10588433496758,380508800
2012-05-30,17.35367774963379,17.37824718193469,16.975843918280965,17.05494648093111,529429600
2012-05-31,17.310531616210938,17.423491157353833,17.1226636300824,17.40071874684818,491674400
2012-06-01,16.808948516845703,17.158318010181087,16.794866779919545,17.053746711727957,520987600
2012-06-04,16.90782356262207,17.0040050105766,16.434709282812474,16.824227664998,556995600
2012-06-05,16.864076614379883,16.973142844614294,16.729244011317125,16.817334858677732,388214400
2012-06-06,17.12265968322754,17.194270104676058,16.944079284504983,17.012095663215387,401455600
2012-06-07,17.130449295043945,17.298241163316188,17.093894392282937,17.297343452737966,379766800
2012-06-08,17.388137817382812,17.39592918032517,17.048956697648226,17.12686072588517,347516400
2012-06-11,17.11397361755371,17.63323127432418,17.097792421405643,17.60986039124047,591264800
2012-06-12,17.26348114013672,17.27726363485023,16.980031886847176,17.212545276996615,435380400
2012-06-13,17.143644332885742,17.333010180240564,17.090309728973793,17.214357088567382,293580000
2012-06-14,17.124755859375,17.18378393056293,16.996815299418138,17.116066789039106,345573200
2012-06-15,17.20266342163086,17.217345233206782,17.06543208877643,17.108879049659027,335255200
2012-06-18,17.55173110961914,17.614953307009493,17.09000216315126,17.10768114355493,440412000
2012-06-19,17.60057258605957,17.678175758214344,17.47143185687764,17.480420165562755,361404400
2012-06-20,17.5505313873291,17.655701141617335,17.40251315517808,17.624538903207508,358943200
2012-06-21,17.308725357055664,17.624834630895958,17.301833309499525,17.541537987411555,326351200
2012-06-22,17.441469192504883,17.444165525250153,17.241316492339607,17.349782677783345,284471600
2012-06-25,17.10198402404785,17.372550136587044,17.08999854837662,17.29764171374037,304382400
2012-06-26,17.139741897583008,17.213450191696115,16.998914922381804,17.11876650964426,276536400
2012-06-27,17.213743209838867,17.280860266482282,17.136439300023483,17.228724252785142,202997200
2012-06-28,17.05044937133789,17.198766857587227,16.947377463472794,17.128953450204467,282836400
2012-06-29,17.498403549194336,17.498403549194336,17.20626342821212,17.31862452083671,421500800
2012-07-02,17.753681182861328,17.782145491474807,17.48641143822734,17.520270011757397,400092000
2012-07-03,17.960126876831055,17.977805857036348,17.79802848655084,17.82439493811154,241712800
2012-07-05,18.275632858276367,18.407469881122505,17.96731331885433,17.994579073967643,484383200
2012-07-06,18.15399169921875,18.230697176068634,18.02515178123464,18.190247378555096,418930400
2012-07-09,18.39398956298828,18.3942887998579,18.100951857182725,18.136607450384997,379405600
2012-07-10,18.223800659179688,18.5731685067994,18.136906752482215,18.51623829210057,511957600
2012-07-11,18.11054039001465,18.207320315286353,17.894507370315885,18.161177029487163,469322000
2012-07-12,17.944839477539062,18.081769909774607,17.75846936790873,17.984990013061868,428041600
2012-07-13,18.126720428466797,18.193237426357165,17.977804475313516,18.06619616915176,311427200
2012-07-16,18.184844970703125,18.32596953084598,18.128214004363144,18.131211173053586,301260400
2012-07-17,18.185745239257812,18.322376453857274,18.07218406378606,18.301101835684083,293624800
2012-07-18,18.165372848510742,18.227695728317737,18.084471679373138,18.17526046692365,252700000
2012-07-19,18.406871795654297,18.43773319387043,18.15757871431586,18.315783785146316,436861600
2012-07-20,18.106647491455078,18.410472162128556,18.088669274202914,18.36822375163531,397471200
2012-07-23,18.092559814453125,18.154583448946635,17.60955636152432,17.810008235159465,487975600
2012-07-24,18.005367279052734,18.267842772560197,17.93315519448427,18.198927093562922,565132400
2012-07-25,17.227827072143555,17.40251096687535,17.07891114814264,17.212546791915695,877312800
2012-07-26,17.22513771057129,17.390532529208063,17.089704990872733,17.371355761761173,406632800
2012-07-27,17.533153533935547,17.55322960896763,17.12655620753259,17.229029640730776,403936400
2012-07-30,17.828887939453125,17.961024220276823,17.612853321316845,17.70573996610005,379142400
2012-07-31,18.300201416015625,18.32836808065581,18.059299783913783,18.074580063464353,462327600
2012-08-01,18.181854248046875,18.469200097156566,18.06769456446377,18.454518285899713,384501600
2012-08-02,18.211210250854492,18.298102534177485,17.98528967413601,18.062894415564624,332158400
2012-08-03,18.448225021362305,18.516540644512805,18.324177726631987,18.386201373997146,344920800
2012-08-06,18.653465270996094,18.72297942009895,18.43503520767254,18.495858687965345,302103200
2012-08-07,18.604328155517578,18.726876038281567,18.518333571605524,18.660058214577962,290446800
2012-08-08,18.5728702545166,18.693321902440783,18.490172060413514,18.55878691848136,244706000
2012-08-09,18.678791046142578,18.708883387302013,18.590622495379957,18.592126710671025,221642400
2012-08-10,18.707979202270508,18.70978393910854,18.617705397815733,18.618005919444148,194938800
2012-08-13,18.95773696899414,18.95773696899414,18.754618129031023,18.75883185942625,278832400
2012-08-14,19.00859260559082,19.216828365282673,18.96405755351611,19.014010029831,340169200
2012-08-15,18.98271942138672,19.078110148908728,18.890038210292463,18.996863225705017,257342400
2012-08-16,19.148523330688477,19.161161311024554,18.97278726434684,18.994153229322446,254534000
2012-08-17,19.502700805664062,19.505108192949393,19.222849265548664,19.258657946117243,442761200
2012-08-20,20.01546859741211,20.01546859741211,19.556570313085427,19.55988087328754,613384800
2012-08-21,19.741928100585938,20.308253883788968,19.56950260907659,20.186081394549102,812719600
2012-08-22,20.12740707397461,20.131318677271533,19.502704421227634,19.692582709123254,565322800
2012-08-23,19.939632415771484,20.158397713871643,19.895095749964923,20.044350550965124,420128800
2012-08-24,19.95738410949707,20.145758136315006,19.726581892994957,19.845744342784432,437340400
2012-08-27,20.33232879638672,20.488503628830404,20.267931989318896,20.462022368396088,427008400
2012-08-28,20.305843353271484,20.344962585503154,20.18156401771271,20.31125917007457,267416800
2012-08-29,20.265823364257812,20.39220797304142,20.239644234811006,20.319386923770516,202806800
2012-08-30,19.97694206237793,20.20804638830185,19.94624868230894,20.1806635670549,302699600
2012-08-31,20.018169403076172,20.11927644707685,19.77773603605228,20.07865299509082,338321200
2012-09-04,20.310955047607422,20.31607034191841,19.995895987446342,20.033811519547893,367892000
2012-09-05,20.168333053588867,20.35249339739939,20.149374473070402,20.329022170098195,336375200
2012-09-06,20.350080490112305,20.410866211485175,20.18547981487506,20.25679664961924,391196400
2012-09-07,20.47556495666504,20.536951725547127,20.33503653585439,20.403643859545294,329666400
2012-09-10,19.94293785095215,20.561319646346703,19.92367875717346,20.475860631838245,487998000
2012-09-11,19.878250122070312,20.164420723091236,19.75517442538594,20.01426432332491,503983200
2012-09-12,20.15509033203125,20.158400891913814,19.740127721430778,20.066621243907367,712233200
2012-09-13,20.5519962310791,20.62782732053533,20.30494334354855,20.38318182019601,598360000
2012-09-14,20.8017578125,20.973280138679662,20.699745981722277,20.762037529413178,600474000
2012-09-17,21.057540893554688,21.05814193695007,20.90196707822519,21.044600782807077,398031200
2012-09-18,21.12163734436035,21.13427532739645,20.956433964382626,21.06055108123915,373503200
2012-09-19,21.127342224121094,21.184214719673104,21.051210637136847,21.071973943320465,326874800
2012-09-20,21.025033950805664,21.065959527968637,20.872168097302204,21.03887562190064,336568400
2012-09-21,21.066869735717773,21.216725613553013,21.0449027230834,21.13668237715824,571589200
2012-09-24,20.78700828552246,20.917306094058752,20.552595010104493,20.66874901868361,639766400
2012-09-25,20.26793098449707,20.846894747839464,20.25168031741149,20.710878978510433,518789600
2012-09-26,20.01636505126953,20.24235249298164,19.896599951418487,20.123490565076768,576503200
2012-09-27,20.502042770385742,20.527620856303038,19.871021298422313,19.98958270132182,594090000
2012-09-28,20.074142456054688,20.495726121740816,20.06360973462677,20.424709801951426,535110800
2012-10-01,19.842132568359375,20.364524312171298,19.755167719440752,20.19631095331479,543594800
2012-10-02,19.899913787841797,20.051576001052517,19.57913660387078,19.914959157655712,627992400
2012-10-03,20.205041885375977,20.217380952171073,19.939634633329813,20.006739357619487,424281200
2012-10-04,20.06511878967285,20.289301567845897,20.02750536207432,20.199026127473328,370725600
2012-10-05,19.637514114379883,20.04104242216418,19.598094347192667,20.01697015290341,594006000
2012-10-08,19.203588485717773,19.486149517087632,19.141599072082382,19.465686726954132,637994000
2012-10-09,19.133777618408203,19.27340286737199,18.76365066070296,19.21803456665896,838597200
2012-10-10,19.28603744506836,19.40851043971922,19.168379224157793,19.2508298138593,510356000
2012-10-11,18.900562286376953,19.47531382510658,18.900562286376953,19.454249994388174,546081200
2012-10-12,18.949016571044922,19.119635743325144,18.816312948945615,18.944502317645263,460014800
2012-10-15,19.10097312927246,19.11210689127318,18.77267339337223,19.02845261194503,432502000
2012-10-16,19.553251266479492,19.56859875978455,18.987828721245453,19.11933022225833,549771600
2012-10-17,19.397384643554688,19.64353442738313,19.37902871289803,19.525575636435942,389037600
2012-10-18,19.037179946899414,19.32064252044135,18.957737786863706,19.246317262830207,476624400
2012-10-19,18.351089477539062,19.01099788812066,18.34446836054149,18.989333014760398,744086000
2012-10-22,19.079008102416992,19.119631552907215,18.378775074841613,18.428727551761767,546730800
2012-10-23,18.45701026916504,19.075093114144373,18.407059408179432,18.98782615406328,707145600
2012-10-24,18.561437606811523,18.853928802064296,18.37517039151412,18.700161322714088,558527200
2012-10-25,18.34206771850586,18.717011105307474,18.22200207435439,18.65682641532243,656325600
2012-10-26,18.175363540649414,18.47628061852416,17.78417262506674,18.338760585050025,1018432800
2012-10-31,17.914167404174805,18.113975780328957,17.68486932953493,17.90092677061492,510003200
2012-11-01,17.950868606567383,18.14525944093149,17.879551790623466,18.001422115798466,361298000
2012-11-02,17.35686492919922,17.963211524048365,17.29517764045476,17.931314446882805,599373600
2012-11-05,17.592182159423828,17.6869702230075,17.38093793925695,17.559081387228364,529135600
2012-11-06,17.538921356201172,17.77634473855227,17.455869696992426,17.760998847691685,374917200
2012-11-07,16.86783218383789,17.36782066031637,16.799815579265413,17.346660620532564,793648800
2012-11-08,16.25569725036621,16.995706374705193,16.18133438765181,16.947338710102624,1056146000
2012-11-09,16.537132263183594,16.77352359806493,16.133875696899807,16.336411277449287,929913600
2012-11-12,16.409255981445312,16.762029851143193,16.282897920674554,16.751449024375358,515802000
2012-11-13,16.41136932373047,16.64050536537454,16.2136706333457,16.29075534797257,532949200
2012-11-14,16.229398727416992,16.54892075408363,16.20823868111765,16.489973872987427,477170400
2012-11-15,15.889012336730957,16.308591981423355,15.798326228844733,16.24904133499893,789910800
2012-11-16,15.951290130615234,16.021421626367616,15.288365794140466,15.876321868644899,1266893600
2012-11-19,17.101499557495117,17.155004241351527,16.32007803414053,16.345167536639245,823317600
2012-11-20,16.95580291748047,17.289533342970053,16.764453592734057,17.288324151364538,642754000
2012-11-21,16.979679107666016,17.151077520107066,16.8255096517615,17.056763835618273,373002000
2012-11-23,17.27592658996582,17.29104229036928,17.00688875584902,17.145035247275313,272826400
2012-11-26,17.820951461791992,17.835158244790364,17.342726929959436,17.408928924324687,630579600
2012-11-27,17.6773624420166,17.847855134813294,17.535890331621772,17.821554828409827,533330000
2012-11-28,17.62175178527832,17.708206566978838,17.298904071099805,17.450351693435582,520864400
2012-11-29,17.815813064575195,17.96363304282466,17.69157311977059,17.84181148019864,514698800
2012-11-30,17.692485809326172,17.786801137236864,17.613889971801925,17.738131580219292,391319600
2012-12-03,17.71999740600586,17.973922845112085,17.699139250702164,17.945507644531563,364280000
2012-12-04,17.407421112060547,17.58728387853901,17.294969549835475,17.58728387853901,557068400
2012-12-05,16.287137985229492,17.20791570468938,16.28653258215279,17.19763838205927,1044638000
2012-12-06,16.542572021484375,16.726060787356552,15.6777159171164,15.989378988818011,1177212400
2012-12-07,16.119657516479492,16.78318527494616,16.021412774964837,16.728773299463292,787040800
2012-12-10,16.015979766845703,16.27866974942468,15.766891170136757,15.870274618011535,630484400
2012-12-11,16.365726470947266,16.61269852695959,16.24420517684205,16.316755034504084,592345600
2012-12-12,16.293479919433594,16.56554150564049,16.21095463081245,16.558588252029406,487144000
2012-12-13,16.012046813964844,16.252369148155687,15.89445497661237,16.056181489750372,625259600
2012-12-14,15.410490036010742,15.66260081035749,15.28322626455557,15.560426551425277,1009579200
2012-12-17,15.683758735656738,15.71912717823489,15.151727469063937,15.384491148198288,757607200
2012-12-18,16.13930892944336,16.169537091813567,15.726680952068701,15.870269566549089,625685200
2012-12-19,15.909869194030762,16.133262802419416,15.885383478703348,16.06585161172835,449369200
2012-12-20,15.771430015563965,16.027470316852416,15.685277120627376,16.021424358049124,481689600
2012-12-21,15.698874473571777,15.709151792633968,15.424090991696476,15.491502197282527,596268400
2012-12-24,15.724265098571777,15.847599378843,15.680130424582895,15.729707266470546,175753200
2012-12-26,15.507524490356445,15.702804864871174,15.450694109128879,15.688898356607602,302436400
2012-12-27,15.569793701171875,15.605765926697675,15.25541046313255,15.523844437958727,455120400
2012-12-28,15.404446601867676,15.552268267201626,15.360010018294252,15.425608263538173,354278400
2012-12-31,16.08702278137207,16.18466381609331,15.386614923834333,15.432864495810557,659492400
2013-01-02,16.596677780151367,16.777145958945262,16.372983835275793,16.741475620884582,560518000
2013-01-03,16.387195587158203,16.61602987546083,16.35394362175435,16.561919756295854,352965200
2013-01-04,15.930734634399414,16.282299427205754,15.89536618334484,16.23211878250385,594333600
2013-01-07,15.837018013000488,16.00025396843512,15.574024598923792,15.779582242899039,484156400
2013-01-08,15.879634857177734,16.07854269311558,15.75690603603113,15.997528529887274,458707200
2013-01-09,15.631464958190918,15.870576514617458,15.597909491680491,15.79470096154921,407604400
2013-01-10,15.825233459472656,15.982725391879027,15.58370191789243,15.977586732051142,601146000
2013-01-11,15.728198051452637,15.879947537307233,15.689503926353293,15.749358093912463,350506800
2013-01-14,15.167441368103027,15.341258117036901,15.069498521481808,15.195553037981965,734207600
2013-01-15,14.688923835754395,15.084017910247711,14.612140975962065,15.06315975864205,876772400
2013-01-16,15.298636436462402,15.399904974135621,14.88782468242029,14.9525139807331,690804800
2013-01-17,15.195558547973633,15.439508456224805,15.17591120710871,15.42620735175594,453678400
2013-01-18,15.114545822143555,15.18165351792799,15.005720219152483,15.06980574387965,472922800
2013-01-22,15.258737564086914,15.352749358549849,15.012672795168058,15.252389713627068,461546400
2013-01-23,15.538055419921875,15.567679800503,15.258738678437224,15.380863774776207,861509600
2013-01-24,13.618206977844238,14.078595692917908,13.610648321005543,13.905382662260648,1460852400
2013-01-25,13.297176361083984,13.791421747352567,13.149658207469038,13.654182530045475,1208026400
2013-01-28,13.597949981689453,13.70012421062736,13.175650069318653,13.235201521702907,785517600
2013-01-29,13.8530855178833,13.911428597565276,13.66717678538219,13.860038771824756,571158000
2013-01-30,13.80955982208252,13.983982089038333,13.73912642492081,13.814698483106763,417155200
2013-01-31,13.769052505493164,13.883620589966968,13.75363652264729,13.81409449118799,319334400
2013-02-01,13.712523460388184,13.889665995356415,13.553216905281873,13.878481376558137,539484400
2013-02-04,13.37093448638916,13.782654530623757,13.361260953803376,13.721289269088668,477117200
2013-02-05,13.840092658996582,13.897528461214364,13.36791376361327,13.423233076618708,573347600
2013-02-06,13.825275421142578,14.101870270885257,13.681081372298152,13.798673211743937,593706400
2013-02-07,14.236349105834961,14.29046926404572,13.807634118576717,14.085235179727023,704580800
2013-02-08,14.441886901855469,14.558338842367105,14.23725852303019,14.412089884378114,633158400
2013-02-11,14.592403411865234,14.744735303715526,14.389298011637726,14.488113768283084,517490400
2013-02-12,14.226625442504883,14.666894072626809,14.221760488106858,14.579630170974653,609053200
2013-02-13,14.199563026428223,14.401150087318513,14.084327273084202,14.205644218777707,475207600
2013-02-14,14.186799049377441,14.340345564469308,14.108657725978814,14.123859901068336,355275200
2013-02-15,13.991286277770996,14.295339374160466,13.983988847571288,14.255507161699674,391745200
2013-02-19,13.98612117767334,14.06943272444146,13.799434203268058,14.019872210682644,435783600
2013-02-20,13.647404670715332,13.916186895398154,13.645883154663208,13.916186895398154,476302400
2013-02-21,13.56257438659668,13.657135724064581,13.464061491366508,13.560750028616031,447182400
2013-02-22,13.706999778747559,13.7310192741107,13.578993503110453,13.659568095435137,330654800
2013-02-25,13.46345329284668,13.838045842422376,13.456459515096258,13.799431485583506,372579200
2013-02-26,13.651054382324219,13.729195685208074,13.307170619840774,13.494466499033917,501499600
2013-02-27,13.517271041870117,13.756560725388095,13.398082898548584,13.634634827166831,587350400
2013-02-28,13.420886039733887,13.617607355734425,13.420886039733887,13.501459817153533,322515200
2013-03-01,13.088558197021484,13.322982938992,13.073659678268314,13.317509052701327,552448400
2013-03-04,12.771733283996582,13.019535801028837,12.739807427783672,13.007373415441394,582755600
2013-03-05,13.108926773071289,13.232068084278835,12.793016523609559,12.815212471138663,638433600
2013-03-06,12.942306518554688,13.233893629158207,12.904907588127582,13.211393215400388,460250000
2013-03-07,13.091902732849121,13.135382863212628,12.802444398924292,12.90703849811722,468473600
2013-03-08,13.126561164855957,13.239364439243236,13.032000655282747,13.068183343161117,391482000
2013-03-11,13.313553810119629,13.348216607061829,12.926494435967868,13.066663080169455,474236000
2013-03-12,13.026533126831055,13.344268655430467,13.000384800974334,13.244539495958362,465911600
2013-03-13,13.02409839630127,13.21109063945857,12.933187391009277,13.027139805098324,405549200
2013-03-14,13.15027904510498,13.215345372444915,13.087947224758818,13.160311795378746,303875600
2013-03-15,13.489604949951172,13.506935947956832,13.294706323920133,13.315382384784563,643960800
2013-03-18,13.856292724609375,13.909196679435004,13.414807760154286,13.422408847095316,606197200
2013-03-19,13.818889617919922,14.01591537131788,13.63676075545758,13.971218203245748,526775200
2013-03-20,13.74561595916748,13.914366251749575,13.66990712329685,13.907981403974967,308660800
2013-03-21,13.765378952026367,13.925006636072053,13.68541409504364,13.689062811332406,383255600
2013-03-22,14.04449462890625,14.050270542932008,13.77692869989071,13.821624239266303,395105200
2013-03-25,14.095280647277832,14.28896306934102,14.040551511884143,14.129030064261645,501135600
2013-03-26,14.021086692810059,14.163990675867243,14.002539459192887,14.151828289263094,294294000
2013-03-27,13.74561595916748,13.889128890581478,13.704569117344862,13.87879167264324,331237200
2013-03-28,13.459197998046875,13.737710167930786,13.427576603431563,13.67689985612506,442839600
2013-04-01,13.04112720489502,13.490821386427344,13.005553435161094,13.436091448187147,389732000
2013-04-02,13.067875862121582,13.321759490276705,12.964801707196168,13.001288852221084,529519200
2013-04-03,13.134772300720215,13.295616205563437,13.083691090291397,13.115920602000566,363216000
2013-04-04,13.00494384765625,13.226294443416473,12.92984312962366,13.188592663477648,358447600
2013-04-05,12.867508888244629,12.920718102561613,12.760481528477579,12.907035014047146,383695200
2013-04-08,12.959030151367188,12.998252630053306,12.845923204302185,12.91767884908474,300829200
2013-04-09,12.982441902160645,13.028657345588678,12.853827510652353,12.963591015587578,306614000
2013-04-10,13.247273445129395,13.288929216891674,12.952950159158942,13.016497416790832,375928000
2013-04-11,13.205925941467285,13.317208566072392,13.110756454382244,13.187377890139766,328364400
2013-04-12,13.06818675994873,13.200449072179328,13.046598927803837,13.200449072179328,238613200
2013-04-15,12.765657424926758,13.010115794015743,12.756535631924924,12.983054880731268,317520000
2013-04-16,12.959942817687988,12.971191807433344,12.787544641176998,12.81794979577634,305771200
2013-04-17,12.247241020202637,12.788455796834022,12.104640706806773,12.778421423053821,945056000
2013-04-18,11.920387268066406,12.33815552229409,11.850150700385596,12.313831559988298,666299200
2013-04-19,11.874171257019043,12.149947301120205,11.70906969027081,11.796333601724463,609274400
2013-04-22,12.121667861938477,12.228999699410153,11.896670218543951,11.938324360390187,429920400
2013-04-23,12.348490715026855,12.416902097019934,12.125923141630453,12.283422770857744,664238400
2013-04-24,12.328120231628418,12.625787732751547,11.93406784960909,11.965690053739564,969651200
2013-04-25,12.41690444946289,12.585957563907785,12.374945027540031,12.503559424343441,384837600
2013-04-26,12.685079574584961,12.732815727943203,12.412952241970256,12.460384741593383,764097600
2013-04-29,13.077914237976074,13.184332674498005,12.77021238263168,12.78389466025213,640326400
2013-04-30,13.462846755981445,13.537948283374954,13.137206533203193,13.229334591742315,691538400
2013-05-01,13.356731414794922,13.528217007269722,13.207746237655607,13.513926608889182,506909200
2013-05-02,13.546158790588379,13.639501467472783,13.397476434870562,13.432442083471496,421828400
2013-05-03,13.6817626953125,13.78058004564757,13.656525339977561,13.72220059647747,361300800
2013-05-06,14.00800895690918,14.05331180304723,13.813414079835033,13.85598079579843,496641600
2013-05-07,13.945682525634766,14.16125556633936,13.794872168498053,14.137539722658872,483753200
2013-05-08,14.103177070617676,14.149697782552066,13.859023305912762,13.95723171310994,472598000
2013-05-09,13.980142593383789,14.17082112663148,13.943721218396004,14.073186930895218,398487600
2013-05-10,13.863838195800781,14.070126820794618,13.78762824325005,14.016871062728914,334852000
2013-05-13,13.918008804321289,14.014725992870947,13.81884467253589,13.819150336119781,316948800
2013-05-14,13.585013389587402,13.932091175559496,13.532675439362484,13.890772644483574,447118000
2013-05-15,13.125605583190918,13.497475554891937,12.92697003084436,13.441159902705534,741613600
2013-05-16,13.300981521606445,13.401065093070136,12.821071728691086,12.953903801355587,603204000
2013-05-17,13.260584831237793,13.469627723240416,13.191720604915979,13.437797020385494,427904400
2013-05-20,13.556551933288574,13.644392651250072,13.163869704377676,13.219267571733942,451578400
2013-05-21,13.456465721130371,13.634595701335721,13.289354342983845,13.410250032862884,456022000
2013-05-22,13.508191108703613,13.722437624196402,13.412392525629349,13.59082899201637,443038400
2013-05-23,13.532365798950195,13.655404365121857,13.338014457082902,13.342911612028903,353021200
2013-05-24,13.624492645263672,13.640101919344337,13.477887734333057,13.492884863993261,276166800
2013-05-28,13.510946273803711,13.806911250042257,13.492889233475946,13.769878543817414,386145200
2013-05-29,13.618375778198242,13.696422992115526,13.44850932219789,13.466873660984032,330576400
2013-05-30,13.821296691894531,13.91066816929696,13.604908069958661,13.639799495019606,353519600
2013-05-31,13.764674186706543,13.990244141180549,13.757634115736112,13.849452529161244,384302800
2013-06-03,13.794975280761719,13.84516950356484,13.542777425694473,13.795280944421487,372352400
2013-06-04,13.751819610595703,13.908525360908317,13.693055362869734,13.871491020814096,292728800
2013-06-05,13.623269081115723,13.794971922419082,13.580419786686221,13.639796164065109,290589600
2013-06-06,13.4197359085083,13.681115876043862,13.284761730735775,13.63428805004427,416934000
2013-06-07,13.522271156311035,13.566038269971635,13.24558751376224,13.359750440241074,404535600
2013-06-10,13.432900428771973,13.744780360598794,13.368933356702295,13.611642578345934,450153200
2013-06-11,13.393413543701172,13.551343545924645,13.262417897832435,13.336486560525637,286112400
2013-06-12,13.227831840515137,13.50512753759838,13.206713266986206,13.45156612758321,265227200
2013-06-13,13.343221664428711,13.379337376752456,13.122548859425095,13.237323923018332,285832400
2013-06-14,13.162337303161621,13.353322320490069,13.114896508149299,13.32608229606571,271866000
2013-06-17,13.222018241882324,13.33526252470761,13.171824026484177,13.20487901283591,259414400
2013-06-18,13.214981079101562,13.31077966713764,13.167235434197558,13.208553969352758,195025600
2013-06-19,12.946560859680176,13.211612900994897,12.946560859680176,13.203655022162422,310940000
2013-06-20,12.758024215698242,13.037766903596834,12.706911374603777,12.83331635650137,357310800
2013-06-21,12.655802726745605,12.85474568653206,12.490527728623775,12.808529165979254,481118400
2013-06-24,12.320350646972656,12.507662781481637,12.18292706433439,12.469098494456777,480746000
2013-06-25,12.32310676574707,12.481035977223403,12.206801750157082,12.417068913339005,314162800
2013-06-26,12.183539390563965,12.389215032445698,12.109777206541395,12.361975011687692,367724000
2013-06-27,12.052238464355469,12.285154166066265,12.044893546635162,12.219657147472137,337246000
2013-06-28,12.136404037475586,12.2508717764114,11.901957625186007,11.97816838056785,578516400
2013-07-01,12.524801254272461,12.618152060916131,12.279949184908705,12.324941395242538,391053600
2013-07-02,12.808526039123535,12.904631108030204,12.532456176413094,12.547453310670285,469865200
2013-07-03,12.87922477722168,12.945947708036302,12.776693437652625,12.881061210655542,240928800
2013-07-05,12.775775909423828,12.955436651361222,12.712420993720821,12.866678146282752,274024800
2013-07-08,12.703239440917969,12.885348781512388,12.568570898147312,12.85810957275624,298138400
2013-07-09,12.926666259765625,12.961863343214484,12.56030635150188,12.658859165897557,352584400
2013-07-10,12.87708568572998,13.001655080768655,12.801182199777266,12.84250073838187,281405600
2013-07-11,13.077862739562988,13.107245678041858,12.890551410454869,12.945030640986214,326292400
2013-07-12,13.053986549377441,13.154375778083578,12.959106620213838,13.088877962531255,279563200
2013-07-15,13.082450866699219,13.205489445765188,13.001650253468997,13.008078178650363,241917200
2013-07-16,13.166929244995117,13.182537705967071,12.98237133064671,13.054296276077483,216538000
2013-07-17,13.17029857635498,13.22875799219837,13.106331492246012,13.151629387129484,198990400
2013-07-18,13.214675903320312,13.309861532979516,13.179478812951421,13.264257983880604,218878800
2013-07-19,13.006244659423828,13.282620985676528,12.987880322337203,13.255687441898617,268721600
2013-07-22,13.047866821289062,13.15315321898971,13.0221575706586,13.144277532756222,207796400
2013-07-23,12.82382869720459,13.067762160161042,12.815258673877004,13.038380040320297,369395600
2013-07-24,13.4824800491333,13.607354256970904,13.321795796983086,13.434121451315672,591936800
2013-07-25,13.42095947265625,13.509718781387708,13.338628089149445,13.488294543391644,229493600
2013-07-26,13.497173309326172,13.498703262125494,13.293639732785163,13.323021855161459,200152400
2013-07-29,13.70529842376709,13.77263269682292,13.472994854811466,13.491358375970997,248057600
2013-07-30,13.874547004699707,13.991769789544312,13.749365525866278,13.77170838643995,309422400
2013-07-31,13.85036849975586,13.997585558128975,13.755488564483269,13.925661447736106,322957600
2013-08-01,13.97739028930664,13.981063157134635,13.872716008056484,13.948927606846086,206250800
2013-08-02,14.156742095947266,14.166230744811353,13.97677650767231,14.018095037557998,274783600
2013-08-05,14.368234634399414,14.405574636332036,14.144807584663466,14.22254749413271,318855600
2013-08-06,14.239686965942383,14.442914053684355,14.14541833941919,14.324466943260292,334857600
2013-08-07,14.231422424316406,14.29324820604988,14.133175268096227,14.195306713460837,298858000
2013-08-08,14.203078269958496,14.298277000020425,14.10880258536166,14.290882764155679,255777200
2013-08-09,14.000971794128418,14.186132073219488,13.97632598775258,14.13005994320532,266865200
2013-08-12,14.39871883392334,14.438460811371083,14.068141728726962,14.075228285689263,364434000
2013-08-13,15.08297061920166,15.239786315585159,14.419967386309182,14.509005886852611,881941200
2013-08-14,15.358092308044434,15.535241345303861,15.200968914279558,15.338991355343074,756372400
2013-08-15,15.339914321899414,15.478246089420864,15.0678742407987,15.294010499289797,490294000
2013-08-16,15.476089477539062,15.494882748880098,15.369184030847372,15.408925991622315,362306000
2013-08-19,15.64277458190918,15.82762566404047,15.527550131931395,15.538024483617225,510518400
2013-08-20,15.437267303466797,15.729949983691647,15.429565387464613,15.703454800315622,358688400
2013-08-21,15.477014541625977,15.624586643467138,15.441275734355468,15.514908767041339,335879600
2013-08-22,15.495498657226562,15.576525926793556,15.348849599247504,15.557732654791888,244207600
2013-08-23,15.435735702514648,15.50751937595192,15.384285361715541,15.505054629852877,222731600
2013-08-26,15.495808601379395,15.71855544708171,15.419710819494966,15.427412737700394,330965600
2013-08-27,15.052779197692871,15.48163666691846,14.98222791790479,15.342687880173814,424188800
2013-08-28,15.123947143554688,15.274910326582544,14.97298560588419,14.97298560588419,307608000
2013-08-29,15.148591995239258,15.29647339853759,15.131031099164545,15.147051941015897,239657600
2013-08-30,15.010576248168945,15.187108332756413,14.988393534200315,15.15784070806616,272297200
2013-09-03,15.052469253540039,15.422788141669297,15.014575033045412,15.19172405583098,331928800
2013-09-04,15.36395263671875,15.47332452688386,15.289704206294505,15.390757165815975,345032800
2013-09-05,15.258583068847656,15.42525944648361,15.208365107309005,15.412011026500345,236367600
2013-09-06,15.349465370178223,15.385202529603164,15.09467850962246,15.356244242039676,359525600
2013-09-09,15.594396591186523,15.648311669037792,15.511521574209882,15.55835009687605,340687200
2013-09-10,15.239171981811523,15.633830700585152,15.08081620336538,15.595319465076336,743195600
2013-09-11,14.409499168395996,14.593733153106957,14.320152958291912,14.387931820562686,898696400
2013-09-12,14.5629243850708,14.646414761105428,14.357121422597412,14.433836216413594,404051200
2013-09-13,14.322921752929688,14.536424950392346,14.316761535519987,14.459711815640771,298835600
2013-09-16,13.867571830749512,14.221562235168552,13.778227281955173,14.202770609014703,543706800
2013-09-17,14.027777671813965,14.163027696961635,13.786854566471298,13.801026029915743,399380800
2013-09-18,14.316146850585938,14.367597179023992,14.192295856901335,14.26993369501064,456862000
2013-09-19,14.550909042358398,14.65966388818579,14.456942670528656,14.50161577439049,404541200
2013-09-20,14.40025520324707,14.74346198870727,14.356814472104691,14.72651809622548,699302800
2013-09-23,15.115938186645508,15.309108084854845,14.868236207174599,15.28415294873276,762106800
2013-09-24,15.068496704101562,15.2647467640896,15.029062412022475,15.246570495695654,364344400
2013-09-25,14.8352689743042,15.085126329955639,14.832188865715933,15.071571877738693,316957200
2013-09-26,14.979768753051758,15.051860114219345,14.908292755779566,14.972991523412382,237221600
2013-09-27,14.872859954833984,14.932012207465883,14.810318265457024,14.904592322341392,228040400
2013-09-30,14.688003540039062,14.839272729869013,14.61591057614434,14.703407372611236,260156400
2013-10-01,15.033369064331055,15.069723232376907,14.738221593301368,14.740378656632805,353883600
2013-10-02,15.082664489746094,15.151675718057193,14.903667696080015,14.961587569694382,289184000
2013-10-03,14.89319133758545,15.168620880340288,14.810933338323299,15.111931735511346,322753200
2013-10-04,14.881484985351562,14.929853558855589,14.74500258333234,14.90705548577086,258868400
2013-10-07,15.026902198791504,15.177863751761928,14.952961476950218,14.990240342406905,312292400
2013-10-08,14.817098617553711,15.115941665400696,14.804774887576098,15.094374315260968,290917200
2013-10-09,14.991161346435547,15.0281308796428,14.735142104965886,14.931084415286122,301725200
2013-10-10,15.085132598876953,15.16954768263299,15.005029998008055,15.136892265669612,278602800
2013-10-11,15.182795524597168,15.21452789460396,14.947109541143746,15.003489370587523,267738800
2013-10-14,15.282305717468262,15.329751250960548,15.076196699436,15.090985174086738,261898000
2013-10-15,15.363645553588867,15.465930890327412,15.266291355321599,15.327599046538904,320073600
2013-10-16,15.43850326538086,15.482251672173435,15.3805833956636,15.428644284091563,251101200
2013-10-17,15.54294204711914,15.551568654680576,15.394445273204465,15.403687244341711,253593200
2013-10-18,15.678194046020508,15.689593081838211,15.580222887139257,15.588849495798641,290542000
2013-10-21,16.062376022338867,16.15295293176734,15.759218973070997,15.766920889747375,398106800
2013-10-22,16.01647186279297,16.280810023063335,15.651697805056424,16.217960666695376,534063600
2013-10-23,16.17328643798828,16.195161461139463,15.98966622673225,15.98966622673225,313723200
2013-10-24,16.387413024902344,16.40466624658059,16.095964219947675,16.174525117856437,384764800
2013-10-25,16.2041072845459,16.428084975113702,16.177919761695346,16.369240380540496,337792000
2013-10-28,16.324865341186523,16.359371771883545,16.11937174739275,16.298985518163757,550440800
2013-10-29,15.918198585510254,16.61354991043865,15.852269090534033,16.521740579513313,635807200
2013-10-30,16.17144012451172,16.25215806209386,15.928667657426953,16.008462549573412,354163600
2013-10-31,16.103660583496094,16.251234332278763,16.059604494285306,16.174521189786837,275696400
2013-11-01,16.021404266357422,16.168361021529854,15.89231609420676,16.14433057447341,274890000
2013-11-04,16.228437423706055,16.23059448738605,15.983817188392752,16.054368472553286,244627600
2013-11-05,16.188386917114258,16.294369334781983,16.112906138226347,16.161584042169647,265213200
2013-11-06,16.142528533935547,16.26462352616552,16.058239546483637,16.24262077561726,223375600
2013-11-07,15.881293296813965,16.212870345735805,15.877885725458755,16.10100303842385,262620400
2013-11-08,16.13136863708496,16.14903206706152,15.884390095667193,15.94605736145812,279316800
2013-11-11,16.084577560424805,16.16576678761287,15.940790972374872,16.113706582964188,227452400
2013-11-12,16.114322662353516,16.23548751249716,16.021047258819365,16.041808777197957,204276800
2013-11-13,16.133546829223633,16.183748531494924,16.019817648103988,16.052046432637223,197220800
2013-11-14,16.366884231567383,16.401590485653273,16.171965858875186,16.201094883631555,282419200
2013-11-15,16.26864242553711,16.395693963383593,16.253148658475514,16.317913994962215,317920400
2013-11-18,16.071556091308594,16.336818611381783,16.058231979898718,16.26864404357425,244944000
2013-11-19,16.100067138671875,16.21875285579391,16.05110503951472,16.08395275775272,208938800
2013-11-20,15.959062576293945,16.127021456007256,15.938301066105513,16.09014391662672,193916800
2013-11-21,16.14933967590332,16.151509333358458,15.91785658851572,16.03964040480198,262026800
2013-11-22,16.10780906677246,16.18094188732218,16.068454043629842,16.099132095101446,223725600
2013-11-25,16.229909896850586,16.295914815313456,16.145001982658137,16.145620939093337,229311600
2013-11-26,16.529254913330078,16.61416446621183,16.237964802958643,16.24168185078487,401382800
2013-11-27,16.918472290039062,16.919711857740104,16.529256306729913,16.61943361575799,363448400
2013-11-29,17.231765747070312,17.30179883537174,16.97580082512072,17.027551532193193,318127600
2013-12-02,17.0817928314209,17.487740743236827,17.069087668496003,17.29158441383259,472544800
2013-12-03,17.549400329589844,17.55126050893846,17.28166028064075,17.300872755781374,450968000
2013-12-04,17.508493423461914,17.638335245053128,17.378961080057678,17.52398719237362,377809600
2013-12-05,17.598358154296875,17.822714926751782,17.552186329542,17.745553911755856,447580000
2013-12-06,17.354169845581055,17.56272339080855,17.340226777435156,17.53297376552776,344352400
2013-12-09,17.55280876159668,17.6504218339989,17.38144222929813,17.38144222929813,320493600
2013-12-10,17.525541305541992,17.59774573187169,17.390741174129253,17.464494646805292,278269600
2013-12-11,17.39569664001465,17.693497442127704,17.343947577632612,17.570472399744084,359718800
2013-12-12,17.370275497436523,17.519020239169592,17.35447225816986,17.41985818132271,262290000
2013-12-13,17.18094253540039,17.442795802991423,17.157392406798227,17.44186571358352,332822000
2013-12-16,17.276077270507812,17.435359226591896,17.198917910140956,17.19922738830385,282592800
2013-12-17,17.198305130004883,17.3362033662986,17.148412924523306,17.22371545020139,229902400
2013-12-18,17.067529678344727,17.08860233308485,16.6965976650825,17.034372477550072,565863200
2013-12-19,16.871986389160156,17.04366234843472,16.849364696298373,17.02816858235293,320308800
2013-12-20,17.0133056640625,17.093566473597253,16.883154297086364,16.902057300705266,436413600
2013-12-23,17.666229248046875,17.685751203315647,17.439083784958182,17.601462232156454,501306400
2013-12-24,17.591238021850586,17.721698834634033,17.540415732116134,17.66003156575243,167554800
2013-12-26,17.47440528869629,17.647941449933207,17.45829090923107,17.604556582142234,204008000
2013-12-27,17.356342315673828,17.490212341205773,17.338059930063107,17.471929955595048,225884400
2013-12-30,17.183734893798828,17.35634098993437,17.115560318319353,17.274842301545604,253629600
2013-12-31,17.38516616821289,17.39322253421522,17.167626081543183,17.17289548773698,223084400
2014-01-02,17.140663146972656,17.26151854164415,17.106266377016034,17.21968436386492,234684800
2014-01-03,16.7641544342041,17.158327131767653,16.747109960318376,17.13229785851057,392467600
2014-01-06,16.855567932128906,16.944504031481188,16.53545656017902,16.65476290012405,412610800
2014-01-07,16.735027313232422,16.918478434724147,16.669331856180616,16.867657795487276,317209200
2014-01-08,16.84100341796875,16.90607824611415,16.69318867900905,16.69690572750768,258529600
2014-01-09,16.62594223022461,16.946363058618957,16.589685285879924,16.944502879440417,279148800
2014-01-10,16.514999389648438,16.75856861047401,16.458290417874636,16.72850951240807,304976000
2014-01-13,16.601463317871094,16.811254805576336,16.420180236801833,16.421110326464518,378492800
2014-01-14,16.93180274963379,16.942338250531037,16.661272402528937,16.67862635515359,332561600
2014-01-15,17.271739959716797,17.35974760719448,17.09510570842316,17.15274477620218,391638800
2014-01-16,17.175371170043945,17.25594143372073,17.09572934112854,17.195513735963143,229278000
2014-01-17,16.754545211791992,17.107813774500585,16.730683944401697,17.089531389921543,426739600
2014-01-21,17.014848709106445,17.045836248984646,16.746797552356156,16.764460979675107,328526800
2014-01-22,17.090465545654297,17.269577350360436,16.975807974605978,17.071872023465993,379985200
2014-01-23,17.235172271728516,17.245088812117878,16.882833884576545,17.041804699025985,403239200
2014-01-24,16.921886444091797,17.217825457841826,16.880980698042105,17.167623778808316,429354800
2014-01-27,17.059160232543945,17.19241128691087,16.91196610930821,17.04583612008545,554878800
2014-01-28,15.695669174194336,15.959069887820366,15.558388279762433,15.765702273369449,1065523200
2014-01-29,15.517483711242676,15.722628041011234,15.451478795794904,15.616647478479718,502810000
2014-01-30,15.487422943115234,15.69566699744513,15.391979544424466,15.572951455614392,678501600
2014-01-31,15.512835502624512,15.541655040796158,15.294367052241896,15.34487819985513,464797200
2014-02-03,15.54166030883789,15.733790076785777,15.472557275402076,15.575128651435723,401464000
2014-02-04,15.76663875579834,15.787401941060393,15.57977836326261,15.675532957242936,376681200
2014-02-05,15.884389877319336,15.967748754135563,15.687922492571543,15.697529558026847,328344800
2014-02-06,15.976981163024902,16.007844535181313,15.830462556379254,15.900605221840562,257765200
2014-02-07,16.20049285888672,16.301808527964553,16.128793563767072,16.25348900346129,370280400
2014-02-10,16.490718841552734,16.58424123016659,16.148116967089013,16.168691426420555,345559200
2014-02-11,16.7080078125,16.763807601476085,16.506621785703093,16.541226112408783,282256800
2014-02-12,16.706758499145508,16.82023271643346,16.62321365191222,16.738868849050622,308100800
2014-02-13,16.9720516204834,16.98514415988671,16.65314073539662,16.667480262594065,307398000
2014-02-14,16.958330154418945,17.020368202656048,16.87166867990305,16.91094629131409,272924400
2014-02-18,17.020687103271484,17.182790565933985,17.008839883573778,17.020998434087037,260251600
2014-02-19,16.751962661743164,17.048739101248124,16.657817579328203,16.982026085801955,313768000
2014-02-20,16.558059692382812,16.740427907960093,16.49103534833448,16.615419464986946,305858000
2014-02-21,16.374126434326172,16.664667806220674,16.35386330758302,16.609177705625054,278784800
2014-02-24,16.445831298828125,16.519714902846104,16.28591053927269,16.30866764827539,288909600
2014-02-25,16.27469253540039,16.50880829995312,16.241648184308854,16.502886355332375,231952000
2014-02-26,16.127859115600586,16.366340119190802,16.073304648536617,16.32300854221711,276217200
2014-02-27,16.449575424194336,16.484178086903313,16.0873329611353,16.121312962380976,301882000
2014-02-28,16.404993057250977,16.607935695757675,16.276555008814693,16.493525840566978,371968800
2014-03-03,16.452377319335938,16.542470087888564,16.298065524997366,16.31708166873851,238781200
2014-03-04,16.56085968017578,16.60450423815078,16.452686439288208,16.553379420821148,259140000
2014-03-05,16.595775604248047,16.670280187372995,16.49508262103024,16.550885723020855,200062800
2014-03-06,16.545583724975586,16.660616223440925,16.462972896627967,16.609178413029237,185488800
2014-03-07,16.53592872619629,16.583936928230084,16.399074716785133,16.55619186348833,220729600
2014-03-10,16.550891876220703,16.626020813407308,16.470461991996867,16.471086318359603,178584000
2014-03-11,16.71206283569336,16.7946737157799,16.602953874843873,16.6921126910727,279224400
2014-03-12,16.7282657623291,16.751334198698288,16.584554198574175,16.66280141573031,199326400
2014-03-13,16.542470932006836,16.82334781363747,16.49602106005355,16.754142499036963,257742800
2014-03-14,16.35667610168457,16.549954201058505,16.303991287445104,16.48448817907954,237199200
2014-03-17,16.420591354370117,16.521282754375076,16.392846278624702,16.45051907603826,199544800
2014-03-18,16.56585121154785,16.58362036920519,16.372573121905262,16.394394573176196,209647200
2014-03-19,16.561491012573242,16.716736843729212,16.491037028757415,16.59266571002944,224756000
2014-03-20,16.481678009033203,16.605439420957236,16.43959343512498,16.518774633600934,208398400
2014-03-21,16.611677169799805,16.63911089856623,16.407800512603597,16.582373791961604,374046400
2014-03-24,16.808698654174805,16.84953625360558,16.679949252373664,16.784694556633408,355700800
2014-03-25,16.9895076751709,17.013200443106683,16.821167653788645,16.88071173679218,282293200
2014-03-26,16.827091217041016,17.114516073922136,16.798412162907674,17.037204496261044,299768000
2014-03-27,16.7547664642334,16.880710556956114,16.681820181150623,16.834572012095382,222031600
2014-03-28,16.736066818237305,16.800908533740532,16.65470292683724,16.781581050872095,200564000
2014-03-31,16.732322692871094,16.859200780311408,16.707069942798338,16.8099455976306,168669200
2014-04-01,16.885385513305664,16.89224477808533,16.733256343765138,16.76411804066337,200760000
2014-04-02,16.91344451904297,16.9424365713101,16.84205654332445,16.90814523672034,180420800
2014-04-03,16.796228408813477,16.91188360450377,16.76037876107928,16.877280944469984,162344000
2014-04-04,16.578943252563477,16.83394639032693,16.540288301741224,16.828024447865275,275251200
2014-04-07,16.318641662597656,16.55026504322294,16.269388147083305,16.460483596118344,289850400
2014-04-08,16.31770896911621,16.401255484538133,16.16994341620336,16.372263435206552,243888400
2014-04-09,16.532188415527344,16.537487698129297,16.273444241383523,16.292771722290233,206169600
2014-04-10,16.31895637512207,16.592040043296514,16.30929180347379,16.54340751919351,239652000
2014-04-11,16.19831085205078,16.29869085777593,16.121310615459663,16.17929304226526,271717600
2014-04-14,16.262842178344727,16.27780436574673,16.12349421758362,16.26969977820106,205674000
2014-04-15,16.14687156677246,16.261591087248608,15.94018796665069,16.218883846380553,266490000
2014-04-16,16.17961311340332,16.244454832884184,16.027795218373136,16.149685397548748,214765600
2014-04-17,16.364463806152344,16.452375585902963,16.18552527543844,16.210465023576162,284334400
2014-04-21,16.558677673339844,16.588915034116145,16.3339119596737,16.376932188858788,182548800
2014-04-22,16.575204849243164,16.579257142954056,16.413099781847034,16.46952389283958,202563200
2014-04-23,16.358551025390625,16.557441465993115,16.349197782166325,16.492911080202095,394940000
2014-04-24,17.69965362548828,17.769171954639216,17.480188742189938,17.71337049285763,759911600
2014-04-25,17.829641342163086,17.831197995244242,17.580873195967907,17.598640684397957,390275200
2014-04-28,18.5201473236084,18.57189647387616,17.848658687402285,17.85645360814847,669485600
2014-04-29,18.465282440185547,18.57906798749247,18.377372304046144,18.5092383406903,337377600
2014-04-30,18.395448684692383,18.68661442253329,18.38640844204294,18.474942884697114,456640800
2014-05-01,18.43878746032715,18.542284118401465,18.27917635102795,18.45499663692188,244048000
2014-05-02,18.473073959350586,18.523577789226206,18.383605513209623,18.46559369867377,191514400
2014-05-05,18.734312057495117,18.73556070995785,18.392645781422864,18.397011070432573,287067200
2014-05-06,18.530126571655273,18.841865187377703,18.530126571655273,18.76050131710629,374564400
2014-05-07,18.465282440185547,18.619905586291086,18.32188218345591,18.556310878031084,282864400
2014-05-08,18.432369232177734,18.633624449672173,18.382525869325068,18.44051908742316,230297200
2014-05-09,18.355560302734375,18.37781669914573,18.1922351178159,18.3242114970474,291597600
2014-05-12,18.58409309387207,18.610111354580237,18.413871958970663,18.41669460793495,213208800
2014-05-13,18.613245010375977,18.637696248372837,18.517321824325435,18.558072771540882,159737200
2014-05-14,18.616695404052734,18.727354635035386,18.54992451674478,18.571554781870745,166404000
2014-05-15,18.458385467529297,18.70227337472336,18.433934230308807,18.642713140874942,230846000
2014-05-16,18.730806350708008,18.731432490059508,18.351180070896827,18.45243383554581,276256400
2014-05-19,18.952747344970703,19.038640588971464,18.7251591277851,18.741460511993957,317755200
2014-05-20,18.95650863647461,19.00948604085918,18.831742864626687,18.950238873504688,234836000
2014-05-21,19.00665855407715,19.018883332053328,18.87342990349288,18.92891519405526,196859600
2014-05-22,19.03675651550293,19.117635613343634,18.937384548385708,19.01575406709863,200760000
2014-05-23,19.251811981201172,19.270621275037634,19.011685856148773,19.036137101051445,232209600
2014-05-27,19.612314224243164,19.61952319729944,19.29883271730044,19.306669503848607,348866000
2014-05-28,19.561525344848633,19.743971250772603,19.554314699328803,19.624534366159136,315481600
2014-05-29,19.917957305908203,19.96466662978836,19.679398223579202,19.681906129212624,376474000
2014-05-30,19.843345642089844,20.193503106492333,19.7148180154259,19.999458551015863,564020800
2014-06-02,19.706979751586914,19.900711222926386,19.514189163142866,19.873439012309888,369350800
2014-06-03,19.985668182373047,20.023286765177563,19.69444476904734,19.701027602495824,292709200
2014-06-04,20.213876724243164,20.310116315162833,19.940834867712237,19.982528366403436,335482000
2014-06-05,20.293193817138672,20.356517597048967,20.14460459436587,20.257143929426945,303805600
2014-06-06,20.237390518188477,20.415763184431352,20.202909332631915,20.37312879564793,349938400
2014-06-09,20.561220169067383,20.600718845969826,20.133319231098685,20.34178344720255,301660000
2014-06-10,20.68190574645996,20.857455748723467,20.53268874678665,20.787236082651845,251108000
2014-06-11,20.596323013305664,20.793816322691235,20.5107428582667,20.65557016903699,182724000
2014-06-12,20.251811981201172,20.653381518963936,20.166231807470623,20.63582618225791,218996000
2014-06-13,20.03017807006836,20.284725399436336,19.942403071177026,20.232059395600224,218100000
2014-06-16,20.232059478759766,20.352750312002527,20.06748198297538,20.080649321072954,142244000
2014-06-17,20.205730438232422,20.34178011201388,20.14428843405124,20.256199938451655,118904000
2014-06-18,20.227676391601562,20.251814564108656,20.04554351692779,20.247424892287764,134056000
2014-06-19,20.15744972229004,20.254002378847847,20.043341732872868,20.251807543698256,142112000
2014-06-20,19.948993682861328,20.3088697817073,19.946798846820858,20.15526306809247,403592000
2014-06-23,19.931434631347656,20.1047898145373,19.88096345683156,20.03895813893701,174776000
2014-06-24,19.81074333190918,20.13112068590116,19.790994834181333,19.913878840049758,156144000
2014-06-25,19.82829475402832,19.902902407386538,19.672494941866727,19.795378923477294,147476000
2014-06-26,19.946794509887695,19.97971034666053,19.70541449716859,19.830493337570154,130516000
2014-06-27,20.183792114257812,20.1881801124303,19.918272185162152,19.929244691847565,256116000
2014-06-30,20.392250061035156,20.56780006886323,20.20792238539878,20.210117220893096,197929200
2014-07-01,20.521717071533203,20.642407912228293,20.43613690237449,20.521717071533203,152892000
2014-07-02,20.512941360473633,20.640213361124317,20.427359515966693,20.59852153081159,113860000
2014-07-03,20.633623123168945,20.648983618122582,20.451490344312703,20.554625813644993,91567200
2014-07-07,21.05933952331543,21.063727520505235,20.648992308051376,20.657769976600076,225872000
2014-07-08,20.92328643798828,21.241470618374205,20.609491928597446,21.125167775369654,260888000
2014-07-09,20.932069778442383,21.05495381290348,20.793825239673648,20.943042284734727,145744000
2014-07-10,20.85526466369629,20.96717785211882,20.521719934248136,20.574385948899444,158744000
2014-07-11,20.89476203918457,21.04178422073604,20.815764696285758,20.925483042070873,136072000
2014-07-14,21.16466522216797,21.261217888460923,20.989116898380342,21.035198396155927,171240000
2014-07-15,20.91670799255371,21.252445904827898,20.853071143129885,21.241475073377153,181911600
2014-07-16,20.798208236694336,21.307301266695106,20.78943056860496,21.27877510103139,213585200
2014-07-17,20.427364349365234,20.907931322794106,20.313257986638472,20.85307214040887,229192000
2014-07-18,20.72140884399414,20.789433689186364,20.41200227553418,20.54366564246904,199952000
2014-07-21,20.6138858795166,20.84648826548148,20.56560953356103,20.844293429528236,156316000
2014-07-22,20.785045623779297,20.82234946301019,20.653383931443095,20.776267954400982,220788000
2014-07-23,21.32705307006836,21.47846325222899,20.883790005572486,20.93864917970134,371672000
2014-07-24,21.291942596435547,21.35557943992729,21.158086076361393,21.29413743218882,182916000
2014-07-25,21.432376861572266,21.469680689676274,21.206357383547243,21.252438878411386,173876000
2014-07-28,21.728622436523438,21.776898780921467,21.40605187691425,21.465299052385948,221272000
2014-07-29,21.588178634643555,21.82078263942914,21.55965247071644,21.79664447219508,172572000
2014-07-30,21.53771209716797,21.658401275746304,21.432381746209348,21.601348940055804,132040000
2014-07-31,20.9781436920166,21.384101165233815,20.91889653234073,21.320466009132208,227372000
2014-08-01,21.094449996948242,21.201975188554464,20.804793611282776,20.824543785439324,194044000
2014-08-04,20.975954055786133,21.193197601503833,20.883791040483043,21.147116093852286,159832000
2014-08-05,20.872812271118164,20.995696244786174,20.7060399681626,20.925476592094657,223732000
2014-08-06,20.837703704833984,20.951811698297103,20.78284454332984,20.791622210070752,154232000
2014-08-07,20.835506439208984,21.159681501117028,20.751704640929415,20.934743462701707,186844000
2014-08-08,20.892839431762695,20.910482090071344,20.57086848886411,20.786986846903805,167460000
2014-08-11,21.16849708557129,21.18834549438019,20.914889371322566,21.00971654508526,146340000
2014-08-12,21.16408920288086,21.36476896703293,21.084698925360176,21.179526107815633,135180000
2014-08-13,21.444162368774414,21.444162368774414,21.17952919348177,21.203787430841544,127664000
2014-08-14,21.501495361328125,21.516932265056916,21.347126324040193,21.464005978343387,112464000
2014-08-15,21.607349395751953,21.653660106463594,21.36035725612689,21.589706739529525,195804000
2014-08-18,21.867578506469727,21.91388922950722,21.607355146666144,21.719823324401446,190288000
2014-08-19,22.16969871520996,22.202778280274494,21.902859806683455,21.922708218720803,277596000
2014-08-20,22.17852020263672,22.29319412218079,22.041792117894886,22.149852143374847,210796000
2014-08-21,22.18073081970215,22.260121120833272,22.077082277531126,22.178525066199352,133912000
2014-08-22,22.34391975402832,22.37699932437292,22.094723464759742,22.116775950823865,176736000
2014-08-25,22.392419815063477,22.531351889651578,22.335082047338524,22.44755183105019,161080000
2014-08-26,22.249088287353516,22.383610613819542,22.242472711051334,22.365967955349387,132608000
2014-08-27,22.522539138793945,22.61957206226644,22.207183820004577,22.277752760031053,209476000
2014-08-28,22.549001693725586,22.665881335505905,22.396836742919284,22.40345231773762,273840000
2014-08-29,22.604137420654297,22.69234902513662,22.537978296668452,22.683527696438748,178380000
2014-09-02,22.780563354492188,22.877594616782265,22.652656596818208,22.72763537597402,214256000
2014-09-03,21.819055557250977,22.758504258733304,21.739665289168492,22.736451780376225,501684000
2014-09-04,21.638216018676758,22.072654927063653,21.565441347793772,21.799200576392252,342872000
2014-09-05,21.825672149658203,21.918293572572153,21.68012275722514,21.788182766454412,233828000
2014-09-08,21.691152572631836,21.900653676942394,21.622789373171944,21.89844960647349,185426800
2014-09-09,21.60955810546875,22.73204753179808,21.201581267086457,21.849934721243216,759385200
2014-09-10,22.273344039916992,22.297602271985916,21.558833276468132,21.613965316170898,403478400
2014-09-11,22.3681697845459,22.370375537091874,21.96901438103189,22.143231817246967,249412400
2014-09-12,22.418899536132812,22.535779222925097,22.290992765399196,22.319660828151164,250504400
2014-09-15,22.41227912902832,22.725430434522043,22.370379917427872,22.672502458032188,245266000
2014-09-16,22.242469787597656,22.330681385857766,21.808029054226072,22.008710482330223,267632400
2014-09-17,22.401248931884766,22.44976539202902,22.18292486123564,22.332884064183236,243706000
2014-09-18,22.447566986083984,22.57106224687103,22.396844756834025,22.478440801280744,149197600
2014-09-19,22.264524459838867,22.57105849005508,22.16308170072022,22.557827337886355,283609600
2014-09-22,22.286577224731445,22.524748061779967,22.180724641040868,22.449769288540516,211153600
2014-09-23,22.63501739501953,22.70117653702535,22.17190844846941,22.185139603871825,253608800
2014-09-24,22.438743591308594,22.681324266607206,22.317452412410994,22.529160957849818,240687200
2014-09-25,21.58309555053711,22.209394831253228,21.55001598402117,22.165289864229738,400368000
2014-09-26,22.218210220336914,22.218210220336914,21.699969425145913,21.728637477796106,249482000
2014-09-29,22.07707977294922,22.149854487812824,21.750697273937657,21.755108780442775,199065200
2014-09-30,22.218210220336914,22.39242765374084,22.16969376008567,22.23144137040682,221056400
2014-10-01,21.871980667114258,22.204978624659237,21.766126421190712,22.182924464990386,205965200
2014-10-02,22.03076934814453,22.101338310711792,21.620586727442085,21.891835493795675,191031200
2014-10-03,21.969017028808594,22.09912784226667,21.84111028566591,21.929321890677983,173878400
2014-10-06,21.969017028808594,22.196160776029597,21.924910385054346,22.04179004663436,148204800
2014-10-07,21.77716064453125,22.079284896640274,21.772750820648632,21.92711989399093,168376800
2014-10-08,22.22924041748047,22.297603612422776,21.68012405763304,21.77936274456162,229618800
2014-10-09,22.277753829956055,22.577672260096705,22.18733815987489,22.39242941456671,309506000
2014-10-10,22.21380615234375,22.50049180060075,22.11897895978647,22.204984822513232,265326400
2014-10-13,22.010913848876953,22.445354568361225,22.010913848876953,22.346117575050993,214333600
2014-10-14,21.77716064453125,22.16749483426632,21.737465499600845,22.138826772787528,254754400
2014-10-15,21.510318756103516,21.865369258473056,20.989872119679713,21.605145940261153,403734400
2014-10-16,21.228036880493164,21.550007727396007,21.040588318717013,21.071462120303863,288618000
2014-10-17,21.538984298706055,21.832287145981482,21.3493299525352,21.501494916496913,272718800
2014-10-20,21.9998836517334,22.043988598583958,21.660270176997315,21.682322650422595,310069200
2014-10-21,22.597522735595703,22.718812224356014,22.332887911716284,22.718812224356014,378495600
2014-10-22,22.712202072143555,22.959194296916436,22.626196196530035,22.679122500946765,273052400
2014-10-23,23.117969512939453,23.166485981738347,22.85333468744453,22.95257337794131,284298800
2014-10-24,23.203975677490234,23.263517546583884,23.05181069286705,23.195154348273302,188215600
2014-10-27,23.17972183227539,23.261317881111342,23.08930445255202,23.122384022755615,136750800
2014-10-28,23.5391788482666,23.5391788482666,23.23264479461527,23.24367187726322,192243600
2014-10-29,23.671491622924805,23.678108880947963,23.455374970731906,23.519328338318548,210751600
2014-10-30,23.592105865478516,23.673700216763716,23.353935022950665,23.587694359600302,162619200
2014-10-31,23.817045211791992,23.825866541547803,23.64282773473207,23.8192509648551,178557200
2014-11-03,24.12578010559082,24.32425577839887,23.819246109669155,23.86555681957499,209130400
2014-11-04,23.94936180114746,24.145631761414265,23.7552975939445,24.116963701570743,166297600
2014-11-05,24.006698608398438,24.103731549226797,23.845712291341986,24.059624902260932,149743600
2014-11-06,24.075353622436523,24.09528809714349,23.87601901411806,24.053205520378015,139874000
2014-11-07,24.144018173217773,24.212677805743855,24.04213553825285,24.086431748309913,134766000
2014-11-10,24.10414695739746,24.214889154180735,24.06870864332674,24.14622784311667,108782000
2014-11-11,24.296842575073242,24.30791747307352,24.00891381478003,24.075358133405146,109769200
2014-11-12,24.640146255493164,24.680013526015095,24.22375607765816,24.225969705614915,187769600
2014-11-13,24.98787498474121,25.127409576584157,24.717663691826626,24.76196159464422,238091600
2014-11-14,25.289094924926758,25.291310242599803,24.631285828791164,25.06096620857908,176254400
2014-11-17,25.247013092041016,25.975697167343963,25.094189963882705,25.30902847040002,186986800
2014-11-18,25.57480812072754,25.623534967062753,25.224862305949312,25.235937203677185,176896000
2014-11-19,25.397624969482422,25.634613295989308,25.204934552944216,25.568168965725008,167476800
2014-11-20,25.76085090637207,25.88266800646482,25.437483874061776,25.45077408757585,173582000
2014-11-21,25.796297073364258,26.039929657903386,25.69884336363163,26.026641130137097,228717200
2014-11-24,26.274694442749023,26.305702124367073,25.82951200389335,25.880452470926468,189803200
2014-11-25,26.046566009521484,26.522757824070702,26.0133430104056,26.37214835923169,275361600
2014-11-26,26.356645584106445,26.37879368781536,26.097509222148922,26.12187264316633,163073200
2014-11-28,26.341144561767578,26.445242519112067,26.146238862559972,26.41644846039591,99257600
2014-12-01,25.486209869384766,26.41201473002903,24.644568472511114,26.314561053184832,335256000
2014-12-02,25.388761520385742,25.63682470904904,24.972371368857708,25.13848470390554,237395600
2014-12-03,25.67668914794922,25.769712199776425,25.49507198923284,25.636821884338694,172253600
2014-12-04,25.579233169555664,25.957971295025615,25.53493696497593,25.641248531884045,168178000
2014-12-05,25.470712661743164,25.709916281855776,25.390978121705626,25.689981801950236,153275600
2014-12-08,24.89484977722168,25.393189734858176,24.722092195607758,25.27137262485243,230659600
2014-12-09,25.27580451965332,25.315671785843314,24.219322810514516,24.405370615998546,240832000
2014-12-10,24.795185089111328,25.4374903731938,24.704377337489273,25.340038358013103,178261200
2014-12-11,24.722089767456055,25.204925835467957,24.660072714949365,24.863839650744698,165606800
2014-12-12,24.30349349975586,24.777470166708326,24.270270488750448,24.465176228966985,224112400
2014-12-15,23.97126579284668,24.717667402096207,23.55487389281944,24.518331033975983,268872400
2014-12-16,23.64345932006836,24.39872192303199,23.534932438954026,23.559295857745873,243162800
2014-12-17,24.23261070251465,24.327847378946167,23.658965187877623,23.725411188421273,213647200
2014-12-18,24.950225830078125,24.950225830078125,24.509472208862977,24.77746821421452,236024800
2014-12-19,24.75752830505371,25.08089535688695,24.73095125600486,24.8638415706252,353719200
2014-12-22,25.014455795288086,25.136271236078912,24.79961559578267,24.841698184491833,180670000
2014-12-23,24.925861358642578,25.10083428501047,24.908142196272895,25.07868617694453,104113600
2014-12-24,24.8084774017334,24.963515863839913,24.8084774017334,24.93472348938942,57918400
2014-12-26,25.247013092041016,25.36439958533375,24.80847480804959,24.828407598325413,134884000
2014-12-29,25.229290008544922,25.41976504694662,25.182776795327815,25.202711270962567,110395600
2014-12-30,24.921424865722656,25.231503375143216,24.830617137057683,25.169488011217492,119526000
2014-12-31,24.447450637817383,25.05653281689776,24.40979869047888,24.987873184716715,165613600
2015-01-02,24.21489715576172,24.682229515795985,23.77635716808021,24.671154616541337,212818400
2015-01-05,23.5327205657959,24.064283533005238,23.34667445665828,23.984549003434232,257142000
2015-01-06,23.534936904907227,23.794073292366384,23.173916188735014,23.59695227731193,263188400
2015-01-07,23.86494255065918,23.964609848271913,23.63238326984046,23.743125462650944,160423600
2015-01-08,24.781885147094727,24.839471554398425,24.075349491065445,24.1927376224361,237458000
2015-01-09,24.8084774017334,25.08311768737601,24.40980465661307,24.954656281749184,214798000
2015-01-12,24.197172164916992,24.9457888739138,24.097504854799798,24.93914461187825,198603200
2015-01-13,24.412015914916992,24.983446191297645,24.121871831314078,24.680011891872518,268367600
2015-01-14,24.318984985351562,24.4718080546312,24.031054622711164,24.150656387663712,195826400
2015-01-15,23.658964157104492,24.376573158668013,23.623527530872572,24.36328463505503,240056000
2015-01-16,23.475130081176758,23.827291140841854,23.30015720986781,23.70547405012303,314053200
2015-01-20,24.079788208007812,24.135159317135944,23.58809248858328,23.884880822409823,199599600
2015-01-21,24.263626098632812,24.598066455586036,23.98012453734423,24.13073405530058,194303600
2015-01-22,24.89484977722168,24.91035361942313,24.30127144897852,24.42087324158633,215185600
2015-01-23,25.023317337036133,25.19385964342137,24.70216382660714,24.87270782278486,185859200
2015-01-26,25.049888610839844,25.32895946484357,24.983444295938444,25.191638510380002,222460000
2015-01-27,24.172813415527344,24.91257237795925,24.14844999016091,24.899282161527914,382274800
2015-01-28,25.539369583129883,26.161741992686807,25.539369583129883,26.05321340320937,585908400
2015-01-29,26.334503173828125,26.398733871324843,25.59474418351453,25.76307284971998,337745600
2015-01-30,25.949111938476562,26.57812679485473,25.880450628531435,26.22375210888169,334982000
2015-02-02,26.274694442749023,26.394296224615175,25.709910222027197,26.14623477167078,250956400
2015-02-03,26.279132843017578,26.376584861276278,26.048788790219216,26.245909834382662,207662800
2015-02-04,26.480682373046875,26.69109363088426,26.203826788886406,26.24590937841236,280598800
2015-02-05,26.66969108581543,26.734175283533336,26.516263108608634,26.687478484544016,168984800
2015-02-06,26.445104598999023,26.738617841332328,26.338371739759072,26.68747462417415,174826400
2015-02-09,26.620763778686523,26.647445716847848,26.333921068225507,26.3606047028478,155559200
2015-02-10,27.13218879699707,27.161096493457006,26.718603465831738,26.720825829820146,248034000
2015-02-11,27.768138885498047,27.777033432281677,27.238926075331964,27.29896214554481,294247200
2015-02-12,28.119462966918945,28.34626964549883,27.921563986537944,28.030519204661367,297898000
2015-02-13,28.2573184967041,28.30178951797747,27.939345774863444,28.30178951797747,217088800
2015-02-17,28.42409324645996,28.657570397556903,28.221746155981133,28.3484904589152,252609600
2015-02-18,28.621992111206055,28.63533308100466,28.33959580975443,28.379620415611313,179566800
2015-02-19,28.56195640563965,28.690924777826144,28.535274464126015,28.568626891018056,149449600
2015-02-20,28.795427322387695,28.795427322387695,28.473008158366138,28.59975074596782,195793600
2015-02-23,29.573688507080078,29.573688507080078,28.83101173030139,28.911060947691585,283896400
2015-02-24,29.389131546020508,29.707106062803202,29.16677297786456,29.56034859351888,276912400
2015-02-25,28.637556076049805,29.262386449737566,28.495246740191888,29.253490207727708,298846800
2015-02-26,28.999998092651367,29.10005874917597,28.152812664929638,28.637552615299487,365150000
2015-02-27,28.564178466796875,29.0333551042649,28.515259318403285,28.906609112630072,248059200
2015-03-02,28.704265594482422,28.96887282281326,28.528603825590125,28.73984377825784,192386800
2015-03-03,28.764307022094727,28.799885210405318,28.481910665878914,28.675364944241025,151265200
2015-03-04,28.581972122192383,28.808778837633067,28.53305635310015,28.7064957846363,126665200
2015-03-05,28.108341217041016,28.628659337495048,27.96380784031683,28.59085879639421,226068400
2015-03-06,28.150588989257812,28.766521358455478,28.07498790488838,28.550833317284816,291368400
2015-03-09,28.270660400390625,28.810993335881307,27.808154299397792,28.452994307989236,354114000
2015-03-10,27.68586540222168,28.288456909775928,27.52799102465237,28.108347014999616,275426400
2015-03-11,27.181106567382812,27.74367338378652,27.15220056885229,27.739226959574506,275756000
2015-03-12,27.672521591186523,27.77258395917488,27.045470531678525,27.19667441748349,193450800
2015-03-13,27.481290817260742,27.883760923464692,27.256709915985283,27.661402386110844,207309200
2015-03-16,27.78369140625,27.78369140625,27.321187057012974,27.54576790043277,143497200
2015-03-17,28.248428344726562,28.310688462772674,27.93935011838267,27.99493975184684,204092400
2015-03-18,28.5664005279541,28.71982845602437,28.09944795575962,28.23953321847968,261083600
2015-03-19,28.3507137298584,28.7398411732094,28.328478215244832,28.62866190368054,183238000
2015-03-20,27.994937896728516,28.55083249807218,27.830393067587416,28.517480077372603,274780400
2015-03-23,28.286230087280273,28.42853941926363,28.132802149548414,28.266218632686233,150838800
2015-03-24,28.17060089111328,28.4707828514936,28.14169319834328,28.290674693141913,131369200
2015-03-25,27.43460464477539,28.199518804752227,27.43460464477539,28.137258665491146,206620800
2015-03-26,27.625822067260742,27.768131384433865,27.261154229947007,27.296732407470724,190291600
2015-03-27,27.405691146850586,27.728110364111448,27.33009005453991,27.699204363485794,158184800
2015-03-30,28.099449157714844,28.106119642444803,27.572458810054766,27.58357741557871,188398800
2015-03-31,27.66806983947754,28.126127833374003,27.652504811426518,28.03718408888496,168362400
2015-04-01,27.628049850463867,27.82150239978064,27.37233717855166,27.7547941561649,162485600
2015-04-02,27.865976333618164,27.919341916192426,27.614711756555614,27.801492143796175,128880400
2015-04-06,28.317358016967773,28.352936195517167,27.645836013226795,27.676966071227053,148776000
2015-04-07,28.01940155029297,28.488576533226613,28.012731065181562,28.38184537852191,140049200
2015-04-08,27.928226470947266,28.106113944501214,27.78814123063449,27.983816094375292,149316800
2015-04-09,28.141695022583008,28.146143143202508,27.7192151726219,27.98382066980979,129936000
2015-04-10,28.26177215576172,28.286231732662372,27.852633226625628,28.006059476821086,160752000
2015-04-13,28.2061824798584,28.588641163945205,28.152816901445398,28.544166738422263,145460400
2015-04-14,28.08388328552246,28.30401775731362,27.997163593711978,28.239533579423085,102098400
2015-04-15,28.19062042236328,28.268445585854018,28.019405062683663,28.10834883372793,115881600
2015-04-16,28.05497932434082,28.261772854593556,28.041638353505544,28.079438901846288,113476000
2015-04-17,27.739233016967773,28.048311309255556,27.674748824815893,27.91712056059098,207828000
2015-04-20,28.37294578552246,28.48857146529368,27.83261453362563,27.921558277697777,188217200
2015-04-21,28.219524383544922,28.506365420044734,28.166157110114217,28.48413160080693,129740400
2015-04-22,28.599754333496094,28.65534396850471,28.088330709293473,28.23731052396591,150618000
2015-04-23,28.833234786987305,29.000003711145578,28.493026453138217,28.528604637926705,183083600
2015-04-24,28.9688720703125,29.046698921184287,28.73539491061941,29.015568859420025,178103600
2015-04-27,29.495859146118164,29.602593688845488,29.16232133416995,29.420258056377868,387816800
2015-04-28,29.031129837036133,29.916115857851434,28.810997058474765,29.89833016079196,475696000
2015-04-29,28.604202270507812,29.26015928080993,28.528601181683193,28.942188199206498,253544400
2015-04-30,27.828166961669922,28.604197661348078,27.70142268294621,28.604197661348078,332781600
2015-05-01,28.673131942749023,28.93551677409575,27.861524660384124,28.039410467610814,234050400
2015-05-04,28.617542266845703,29.033355027085868,28.519703970318606,28.795429770265706,203953200
2015-05-05,27.972705841064453,28.561954632389803,27.968257720114217,28.495246389824892,197085600
2015-05-06,27.797042846679688,28.18394624917403,27.430150899410055,28.141697581751504,288564000
2015-05-07,27.96897315979004,28.152068713553735,27.69209562693978,27.85956113478025,175763600
2015-05-08,28.49593734741211,28.49593734741211,28.158772911254516,28.28604665551237,222201600
2015-05-11,28.205659866333008,28.482535721818746,28.05159103941516,28.44457727863671,168143200
2015-05-12,28.10517692565918,28.330695903089556,27.870724547028903,28.044888392389844,192640000
2015-05-13,28.13643455505371,28.39991365035305,28.105174467776415,28.167694642331004,138776800
2015-05-14,28.79290771484375,28.79290771484375,28.393224793420348,28.449046639865216,180814000
2015-05-15,28.752716064453125,28.913483246079785,28.627675680320152,28.819702957980056,152832000
2015-05-18,29.069780349731445,29.18812237147555,28.661164094483212,28.66563079542484,203531600
2015-05-19,29.042987823486328,29.223850035423112,28.946972489400906,29.181424892950112,178532800
2015-05-20,29.040752410888672,29.246176365558323,28.87998524513075,29.02735571492461,145819600
2015-05-21,29.33772087097168,29.391311054384847,28.989393196521394,29.04298337993456,158921600
2015-05-22,29.594497680664062,29.69051299277318,29.33995029118235,29.38461047751805,182384000
2015-05-26,28.9425048828125,29.67712216380999,28.83086120910056,29.607903631243715,282790400
2015-05-27,29.48285484313965,29.5319783237903,29.038515277836858,29.10326709846147,183332800
2015-05-28,29.424808502197266,29.46276694515732,29.272974730357046,29.442671900136368,122933200
2015-05-29,29.089879989624023,29.351125818927084,29.005029693799155,29.302002322091116,203538000
2015-06-01,29.14792823791504,29.337723842184424,29.038519620453748,29.089874755325262,128451200
2015-06-02,29.0184268951416,29.17472736620968,28.87552312058011,28.99609679623413,134670400
2015-06-03,29.054149627685547,29.237246894728884,29.00502613687366,29.174726707712786,123934000
2015-06-04,28.88446044921875,29.156871370996207,28.783981792814583,28.93358395361112,153800400
2015-06-05,28.725915908813477,28.958136658313954,28.66116407712451,28.91571151713053,142507200
2015-06-08,28.53612518310547,28.850961177235256,28.319536172144808,28.78173923393358,210699200
2015-06-09,28.451274871826172,28.598645346452834,28.049358647798414,28.290507700796127,224301600
2015-06-10,28.77727508544922,28.879985359644007,28.54728768135469,28.5629177278905,156349200
2015-06-11,28.712520599365234,29.0675466815236,28.687958853657094,28.844259323120394,141563600
2015-06-12,28.39545440673828,28.654468573391934,28.382057709686347,28.623208477905795,147544800
2015-06-15,28.339637756347656,28.411089659627617,28.06946019383444,28.156542147721026,175955600
2015-06-16,28.49146270751953,28.547284539510578,28.216820248109983,28.364188998721836,125976400
2015-06-17,28.424484252929688,28.553989639077844,28.299442161288418,28.518264543999997,131672400
2015-06-18,28.553983688354492,28.649997310216285,28.406614933605677,28.408848283941207,141628800
2015-06-19,28.26817512512207,28.540585935354017,28.223518341350022,28.516024193215262,218867600
2015-06-22,28.493701934814453,28.594180571703895,28.37535989915212,28.466906836655117,136157200
2015-06-23,28.364192962646484,28.49370003981576,28.330699518061692,28.464673296400864,121075600
2015-06-24,28.6053466796875,28.982702900869484,28.384292648227373,28.404387694929415,221123600
2015-06-25,28.469135284423828,28.84872307346394,28.469135284423828,28.77280619707479,127752400
2015-06-26,28.301673889160156,28.57854974843953,28.2480853978426,28.507097858833646,176267200
2015-06-29,27.805973052978516,28.239151051350287,27.794809707755416,28.01363035385756,196645600
2015-06-30,28.00693130493164,28.16100011566019,27.879657588452865,28.03819139644943,177482800
2015-07-01,28.26817512512207,28.34409370179107,28.131969720006097,28.33516200432724,120955200
2015-07-02,28.232454299926758,28.288276139840534,28.082850474261843,28.230220949336946,108844000
2015-07-06,28.134204864501953,28.185561702307453,27.877424082568883,27.897520829030935,112241600
2015-07-07,28.064985275268555,28.16769724345696,27.636272303574902,28.109642060203637,187787200
2015-07-08,27.368330001831055,27.830534741104064,27.3616316540013,27.79480965149628,243046400
2015-07-09,26.81010627746582,27.70102213526884,26.62031241151437,27.654132006284147,314380000
2015-07-10,27.52686309814453,27.654136814244254,27.064658370882672,27.22765887920902,245418000
2015-07-13,28.058284759521484,28.08061315026347,27.759078872228386,27.917612661107626,165762000
2015-07-14,28.047128677368164,28.216827567634503,27.919854935555303,28.143142321440855,127072400
2015-07-15,28.31730079650879,28.390986028616197,28.040424967933756,28.071685059698005,134596800
2015-07-16,28.694656372070312,28.708056475146563,28.435643929657154,28.522725860632445,144889600
2015-07-17,28.9425048828125,28.9425048828125,28.649999002822348,28.821931214325204,184658800
2015-07-20,29.48955535888672,29.69051256613425,29.183649440933447,29.243937965945232,235600800
2015-07-21,29.194820404052734,29.679353534603262,29.098808480959107,29.66372519211815,307025600
2015-07-22,27.960044860839844,28.022565052133587,27.238825903164294,27.238825903164294,461802400
2015-07-23,27.946645736694336,28.377588689764913,27.924315638702303,28.178863083176353,203998000
2015-07-24,27.799278259277344,28.076154127998937,27.665306174640925,27.98237383910819,168649200
2015-07-27,27.41299057006836,27.60055285290327,27.26785513761631,27.484442462684633,177822000
2015-07-28,27.549198150634766,27.6675419008308,27.36387090769077,27.549198150634766,134472400
2015-07-29,27.462106704711914,27.575983713639953,27.301339563530455,27.497833493217588,148046800
2015-07-30,27.323673248291016,27.368330036243712,27.176302781662045,27.31250819952921,134513200
2015-07-31,27.084754943847656,27.383959160865977,26.997673017787267,27.37502746286655,171540000
2015-08-03,26.44615364074707,27.368329760709486,26.240727989009937,27.129412370118644,279904000
2015-08-04,25.59766387939453,26.28092268429403,25.28729457236192,26.218402493459756,496554400
2015-08-05,25.76736068725586,26.222867088448904,25.03051174636031,25.22030565430392,397250400
2015-08-06,25.823434829711914,26.130723785560797,25.59689502299034,26.011846088492206,211612000
2015-08-07,25.91090965270996,26.07464798007613,25.68212639758036,25.700070652053586,154681600
2015-08-10,26.852956771850586,26.91351647875738,26.137445605898755,26.137445605898755,219806400
2015-08-11,25.455585479736328,26.507543892764915,25.419698681217923,26.424552997349956,388331200
2015-08-12,25.84810447692871,25.88847819074605,24.589792392756152,25.240257021476328,404870000
2015-08-13,25.827922821044922,26.10829540548688,25.69110086293657,26.027547964266923,194143200
2015-08-14,26.009599685668945,26.088103654920044,25.572219206085563,25.64175104867108,171718000
2015-08-17,26.278759002685547,26.388664562359022,25.90642343750448,26.02754458360224,163538800
2015-08-18,26.130722045898438,26.34156275421477,26.02081648382766,26.115021251316897,138242800
2015-08-19,25.796518325805664,26.135207137595437,25.72249956113972,26.041002370525103,193146000
2015-08-20,25.26717758178711,25.648483611062783,25.038392595214948,25.58792388594571,274006400
2015-08-21,23.721759796142578,25.098949543946166,23.6970868762912,24.769231170712416,513102000
2015-08-24,23.129615783691406,24.40362879000235,20.635420824502845,21.27915685105936,648825200
2015-08-25,23.2686824798584,24.921759955444056,23.214851419487346,24.921759955444056,414406400
2015-08-26,24.603254318237305,24.648113244948537,23.56251147495979,24.020078003441117,387098400
2015-08-27,25.327733993530273,25.399509297107524,24.677269342278688,25.172969511251395,338464400
2015-08-28,25.410728454589844,25.415213663018278,25.018206833650943,25.1595140011359,212657600
2015-08-31,25.291851043701172,25.688857877651053,25.12138403005911,25.12811269840866,224917200
2015-09-01,24.16139030456543,25.094469460458992,24.08064285601347,24.70643472666186,307383600
2015-09-02,25.197647094726562,25.197647094726562,24.47765041730406,24.724379690065156,247555200
2015-09-03,24.755779266357422,25.29633673971069,24.681760490568845,25.23129009231393,212935600
2015-09-04,24.50904655456543,24.77371831536382,24.338581272955686,24.441758168011564,199985200
2015-09-08,25.19091033935547,25.246984844935913,24.744557754087413,25.06530399445787,219374400
2015-09-09,24.706436157226562,25.5744687125335,24.621201783676092,25.516152438403783,340043200
2015-09-10,25.249225616455078,25.408476989999773,24.650350371309973,24.733339535529392,251571200
2015-09-11,25.617076873779297,25.617076873779297,25.067547404671917,25.074276071527077,199662000
2015-09-14,25.863805770874023,26.218197075541763,25.762872340007302,26.148665232556162,233453600
2015-09-15,26.081378936767578,26.137453453474166,25.664184395569876,26.00287495563004,173364800
2015-09-16,26.110538482666016,26.139696614967626,25.892969086526172,26.074649970979333,148694000
2015-09-17,25.552034378051758,26.128480319144057,25.507175450917547,25.942314231404556,256450400
2015-09-18,25.446609497070312,25.637264181672517,25.092219928636705,25.168480433471128,297141200
2015-09-21,25.841381072998047,25.877269586482125,25.493720082728235,25.495961831377105,200888000
2015-09-22,25.43540382385254,25.610356060771164,25.238020408860343,25.430916903734374,201384800
2015-09-23,25.64175033569336,25.731469888596294,25.412967101486103,25.486984149717248,143026800
2015-09-24,25.794279098510742,25.906428138069487,25.204375766484834,25.401757460055144,200878000
2015-09-25,25.729223251342773,26.17333404216788,25.574457084481946,26.117259542436617,224607600
2015-09-28,25.220069885253906,25.697824051210933,25.220069885253906,25.536329203209096,208436000
2015-09-29,24.461944580078125,25.460071920955418,24.192787606840596,25.307549179785273,293461600
2015-09-30,24.740074157714844,25.01820324435386,24.387926308187456,24.710914317708884,265892000
2015-10-01,24.57858657836914,24.587558707855127,24.069428925406434,24.46419406649622,255716400
2015-10-02,24.758018493652344,24.89932736235935,24.123256303717053,24.22643320282759,232079200
2015-10-05,24.847734451293945,24.980071173318276,24.464185041372186,24.645865890477733,208258800
2015-10-06,24.966617584228516,25.06306582262484,24.621198351629094,24.814094828421737,192787200
2015-10-07,24.847734451293945,25.069789012562733,24.540447258239688,25.063060345745207,187062400
2015-10-08,24.560632705688477,24.715398884039228,24.271288060243098,24.715398884039228,247918400
2015-10-09,25.148298263549805,25.18418506209718,24.558393290241394,24.672785776174173,211064400
2015-10-12,25.03165626525879,25.289599305526835,24.99576947538888,25.285114098514818,121868800
2015-10-13,25.074275970458984,25.222311774450123,24.825305030272983,24.856706616309225,132197200
2015-10-14,24.719884872436523,25.013714734523628,24.57409081545337,24.962127147615472,177849600
2015-10-15,25.089982986450195,25.143814045684113,24.782694005441982,24.88138570675293,150694000
2015-10-16,24.90605354309082,25.12137944728802,24.79166106824106,25.072033606715255,156930400
2015-10-19,25.060823440551758,25.06530864887749,24.69745996086399,24.852226172607406,119036800
2015-10-20,25.518394470214844,25.608114053824306,24.85671574970517,24.973350010516363,195871200
2015-10-21,25.51614761352539,25.924370011535668,25.502688566360003,25.569978668411807,167180800
2015-10-22,25.90642547607422,25.90642547607422,25.592407855324677,25.643997161174436,166616400
2015-10-23,26.709413528442383,26.743058579861522,26.092593860372293,26.175583047779984,237467600
2015-10-26,25.857072830200195,26.496321779641917,25.77632541434883,26.485107906542396,265335200
2015-10-27,25.69333839416504,26.13969096645082,25.567730341662678,25.883991365341736,279537600
2015-10-28,26.752031326293945,26.75876170617066,26.032034692755182,26.227174638974653,342205600
2015-10-29,27.034645080566406,27.070533591812794,26.527730982390814,26.624179217292475,204909200
2015-10-30,26.803613662719727,27.18940653484636,26.792398077102376,27.137817236767894,197461200
2015-11-02,27.180438995361328,27.220812714635596,26.82829110940293,27.095206348563828,128813200
2015-11-03,27.492212295532227,27.698566093648566,27.072774320250645,27.092962034880685,182076000
2015-11-04,27.364362716674805,27.772585108424046,27.27913007180702,27.61781890283362,179544400
2015-11-05,27.23821258544922,27.636920436760004,27.071522050952424,27.447702714464256,158210800
2015-11-06,27.269752502441406,27.43869612369773,27.170640079941062,27.281016097958513,132169200
2015-11-09,27.15937042236328,27.438689999292013,27.04223696061349,27.247220948321374,135485600
2015-11-10,26.30340003967285,26.596236395810674,26.143466919148995,26.332684706436872,236511600
2015-11-11,26.154727935791016,26.449815607494255,25.95199522605524,26.21329554495548,180872000
2015-11-12,26.066877365112305,26.31466102415357,26.051109360952868,26.188516990878064,130102400
2015-11-13,25.30550193786621,26.03308658156117,25.289733934743825,25.949740440152322,183249600
2015-11-16,25.719974517822266,25.733489456288183,25.00365356321389,25.0892510378034,152426800
2015-11-17,25.60959815979004,25.915949363767915,25.526252030363505,25.8866647060483,110467600
2015-11-18,26.420530319213867,26.46558126467842,26.017317998547494,26.07588560251814,186698800
2015-11-19,26.756162643432617,26.974663322774134,26.301141938966225,26.49936849124945,173183200
2015-11-20,26.87329864501953,27.012957601569642,26.77193144387025,26.850771454597467,137148400
2015-11-23,26.52414894104004,26.9701608641234,26.431792268427206,26.866540595821984,129930000
2015-11-24,26.778696060180664,26.884567696519056,26.382242837981483,26.429546857042165,171212800
2015-11-25,26.587215423583984,26.857526196649168,26.56243689308843,26.8530200718774,85553200
2015-11-27,26.537656784057617,26.67281302184226,26.490352788266176,26.64578143056874,52185600
2015-11-30,26.648042678833008,26.89807938952724,26.524149995666143,26.578211476237374,156721200
2015-12-01,26.43179702758789,26.76292686488604,26.323674051276488,26.749411922493046,139409600
2015-12-02,26.193016052246094,26.6052388578847,26.147965112009583,26.431789128949386,133546400
2015-12-03,25.949739456176758,26.307900825780568,25.72898742083399,26.253839348351395,166278000
2015-12-04,26.81247901916504,26.86203609027978,25.92946742765108,25.970013965964647,231108000
2015-12-07,26.643537521362305,26.99944586177476,26.53766590073221,26.801219280086283,128336800
2015-12-08,26.63227081298828,26.71561522541016,26.323666540590864,26.4723360202465,137238000
2015-12-09,26.044343948364258,26.510628178984593,25.9227043596916,26.499364585769648,185445600
2015-12-10,26.168241500854492,26.341691256178958,26.019572000588415,26.138958557103884,116850800
2015-12-11,25.494720458984375,25.992540822311103,25.420384848355226,25.947489874490497,187544800
2015-12-14,25.3370361328125,25.382087073004815,24.73109119130159,25.26945800394082,257274800
2015-12-15,24.888776779174805,25.409124363518714,24.857240770255004,25.215402183820736,213292400
2015-12-16,25.080245971679688,25.22666413844104,24.508091683212673,25.01942701674562,224954000
2015-12-17,24.548633575439453,25.285226958728675,24.548633575439453,25.233416828828133,179091200
2015-12-18,23.884126663208008,24.670277299747227,23.83456958425084,24.53287137888919,385813200
2015-12-21,24.176959991455078,24.185970524556982,23.78050512788861,24.16569639543183,190362400
2015-12-22,24.154430389404297,24.26480639351558,23.978727601824296,24.19272385960449,131157600
2015-12-23,24.46528434753418,24.519345814682012,24.147669576051687,24.16343757557743,130629600
2015-12-24,24.33464241027832,24.553143133318848,24.316621342307553,24.553143133318848,54281600
2015-12-28,24.062074661254883,24.25804986349754,23.917909587852204,24.23552267442949,106816800
2015-12-29,24.49456787109375,24.649996526273785,24.071083217553404,24.09360868618946,123724800
2015-12-30,24.17470359802246,24.485559213586477,24.143167595802193,24.458529336588093,100855200
2015-12-31,23.71067237854004,24.109378531524413,23.611558246655083,24.104874124885654,163649200
2016-01-04,23.730953216552734,23.735459343375492,22.976338520621635,23.113746172790492,270597600
2016-01-05,23.13626480102539,23.843575267401853,23.068688385946427,23.821049795708866,223164000
2016-01-06,22.68349838256836,23.059680854996756,22.49653539645649,22.65196237437679,273829600
2016-01-07,21.726152420043945,22.555102654007786,21.72164801227934,22.228478955688608,324377600
2016-01-08,21.84103012084961,22.325335489351968,21.795979178070308,22.19919147470328,283192000
2016-01-11,22.194684982299805,22.31407152541594,21.92662723702021,22.29379911707544,198957600
2016-01-12,22.516809463500977,22.681248705661226,22.264519660836275,22.649712695151095,196616800
2016-01-13,21.937894821166992,22.793876624144982,21.91762240914001,22.597901381632845,249758400
2016-01-14,22.41769027709961,22.633939612925026,21.56621474715147,22.066288113904072,252680400
2016-01-15,21.879322052001953,22.00997218287025,21.480615908897953,21.66983191753492,319335600
2016-01-19,21.773447036743164,22.221710138837405,21.512146836634987,22.167648680346424,212350800
2016-01-20,21.802738189697266,22.118099967207257,21.043617548233343,21.42205133752865,289337600
2016-01-21,21.692359924316406,22.048266485215724,21.386008711417897,21.863554876137204,208646000
2016-01-22,22.845684051513672,22.85469458488389,22.158647638223634,22.217213527254792,263202000
2016-01-25,22.399669647216797,22.870458327659843,22.34785951963661,22.868205265091177,207178000
2016-01-26,22.5235652923584,22.72404493823475,22.091069992394825,22.5100503512919,300308000
2016-01-27,21.043615341186523,21.76669377517496,21.02559427725693,21.633792295506485,533478800
2016-01-28,21.194543838500977,21.29140493610256,20.81160557463448,21.1269674076571,222715200
2016-01-29,21.9266300201416,21.9266300201416,21.25310855531319,21.35222270266927,257666000
2016-02-01,21.721641540527344,21.78471354194209,21.48962594164461,21.730652071955614,163774000
2016-02-02,21.28238868713379,21.633790816826192,21.237336030389166,21.494130158792558,149428800
2016-02-03,21.703624725341797,21.81400074941957,21.192289426440556,21.39952653410023,183857200
2016-02-04,21.878007888793945,22.043339353122256,21.558671400034395,21.71041286439467,185886800
2016-02-05,21.29369354248047,21.950487266896594,21.218956298789394,21.859894731130765,185672400
2016-02-08,21.51791000366211,21.67418035345721,21.071743199945878,21.092125612911335,216085600
2016-02-09,21.51337242126465,21.72852983510011,21.273303753441713,21.354836834571824,177324800
2016-02-10,21.350317001342773,21.82139687869267,21.311815729189632,21.7240101898935,169374400
2016-02-11,21.221220016479492,21.452231070787203,20.96982654862582,21.24160415793437,200298800
2016-02-12,21.28689956665039,21.402405093828406,21.06494966663968,21.332196698832412,161405600
2016-02-16,21.887073516845703,21.93463421044413,21.427318417485296,21.52017451606062,196231600
2016-02-17,22.222261428833008,22.242643839068037,21.776094684885276,21.893863753585592,179452800
2016-02-18,21.801010131835938,22.396653135119077,21.762507139421366,22.385328420660294,156084000
2016-02-19,21.751176834106445,21.914242991155536,21.69682202439283,21.742117411169467,141496800
2016-02-22,21.941425323486328,21.945955900104785,21.724004299335455,21.8123315363996,137123200
2016-02-23,21.445432662963867,21.855361692028687,21.413725540710708,21.832713994406227,127770400
2016-02-24,21.764781951904297,21.828196233641638,21.135166257641302,21.284644259944674,145022800
2016-02-25,21.914249420166016,21.914249420166016,21.572263447576336,21.753448503653868,110330800
2016-02-26,21.948223114013672,22.199614845314983,21.873484144430357,22.013900929565107,115964400
2016-02-29,21.89839744567871,22.24717758078485,21.889338019426862,21.9368987113174,140865200
2016-03-01,22.7680721282959,22.822426935212167,22.06371801434647,22.115809261576175,201628400
2016-03-02,22.817903518676758,22.849610640916676,22.566510100982722,22.76354869882384,132678400
2016-03-03,22.98776626586914,23.03532695424258,22.7499610960932,22.779404661211583,147822800
2016-03-04,23.329748153686523,23.497343177839397,22.958320409397206,23.184800825569155,184220400
2016-03-07,23.071569442749023,23.28899051809232,22.86547135580049,23.18933854392739,143315600
2016-03-08,22.881317138671875,23.04664860976079,22.738635092486373,22.82469703223038,126247600
2016-03-09,22.90170669555664,23.005887508716018,22.70919690576823,22.944736811658146,108806800
2016-03-10,22.91303062438965,23.155364678153827,22.682021286222742,22.967387185765745,134054400
2016-03-11,23.159889221191406,23.16441806950491,22.987763610832843,23.15535864496935,109632800
2016-03-14,23.218780517578125,23.307109503844107,23.051185428376535,23.080628999768237,100304400
2016-03-15,23.685321807861328,23.821209708941513,23.519990347476355,23.54490333093037,160270800
2016-03-16,24.00013542175293,24.077137951320523,23.68759127068511,23.692121847664875,153214000
2016-03-17,23.961633682250977,24.11337517779888,23.771389194773242,23.89821770115253,137682800
2016-03-18,23.988813400268555,24.120172500887048,23.82348360803238,24.083934792616137,176820800
2016-03-21,23.986547470092773,24.380623005113264,23.812156540105804,23.991076319224767,142010800
2016-03-22,24.169998168945312,24.299091979127244,23.82801214523532,23.837071572184282,129777600
2016-03-23,24.036367416381836,24.249259573534975,23.984277885105147,24.11563694921702,102814000
2016-03-24,23.932188034057617,24.063547105898483,23.755533564710287,23.886892636551153,104532000
2016-03-28,23.823486328125,24.049966846949925,23.79404275481585,24.006934995442236,77645600
2016-03-29,24.387414932250977,24.41232791999096,23.75326898090197,23.755534269217073,124760400
2016-03-30,24.813199996948242,25.007973341395775,24.595778950848203,24.607103665628895,182404400
2016-03-31,24.684112548828125,24.890210661091878,24.659199552226806,24.849444096463298,103553600
2016-04-01,24.91059112548828,24.912856414431438,24.505190800122524,24.63654991227864,103496000
2016-04-04,25.1665096282959,25.40884365418212,24.973999852742512,25.007972267717157,149424800
2016-04-05,24.86981964111328,25.078182984908835,24.781492396815462,24.80187653745049,106314800
2016-04-06,25.130271911621094,25.134802488500018,24.7316658138071,24.96494214162522,105616400
2016-04-07,24.58218765258789,25.00797026618707,24.48706628059903,24.901524180810107,127207600
2016-04-08,24.6093692779541,24.86076101588604,24.4983926009516,24.66598939678476,94326800
2016-04-11,24.69089698791504,25.051001788643912,24.647866878980267,24.679574002577947,117630000
2016-04-12,25.01250457763672,25.026092853404545,24.609369602707936,24.763374669167092,108929200
2016-04-13,25.374868392944336,25.44281148736374,25.094033134611852,25.094033134611852,133029200
2016-04-14,25.388460159301758,25.454139702479686,25.214070958932584,25.279750502110513,101895600
2016-04-15,24.87888526916504,25.43376359090041,24.851708712088698,25.390731738317168,187756000
2016-04-18,24.34212303161621,24.675047889615044,24.21982336365566,24.661459613589077,243286000
2016-04-19,24.21303367614746,24.459896618175186,24.059026850546285,24.432718333218766,129539600
2016-04-20,24.262849807739258,24.48027083078875,24.020515797140575,24.151874871871108,122444000
2016-04-21,24.00013542175293,24.217556463242936,23.89821817461431,24.217556463242936,126210000
2016-04-22,23.934457778930664,24.115642858510714,23.69438901720973,23.782716268330034,134732400
2016-04-25,23.798568725585938,23.927662527208124,23.66947492396375,23.78044987288941,112126400
2016-04-26,23.633230209350586,23.84838763351474,23.533580004892062,23.533580004892062,224064800
2016-04-27,22.15432357788086,22.355891094992916,21.6696554212396,21.742129115842708,458408400
2016-04-28,21.477148056030273,22.167912603024718,21.34578894016183,22.106763623104847,328970800
2016-04-29,21.23027992248535,21.452231555372222,20.95170989694444,21.286900043048345,274126000
2016-05-02,21.207626342773438,21.307278280279572,20.926791106420705,21.282365295903038,192640400
2016-05-03,21.556407928466797,21.683236419465825,21.216687275083462,21.334456341309902,227325200
2016-05-04,21.33219337463379,21.719474722918175,21.24839498908705,21.560937376849367,164102000
2016-05-05,21.2456111907959,21.434734920892943,21.11801047575662,21.418784831513033,143562000
2016-05-06,21.127119064331055,21.293455415162843,20.92888080536488,21.275227988494596,174799600
2016-05-09,21.1430721282959,21.366373347698225,21.097499209131772,21.1909223895964,131745600
2016-05-10,21.286623001098633,21.320802256007195,20.988127767650703,21.26611649121097,134747200
2016-05-11,21.07927703857422,21.32080748589716,21.067883371333515,21.300300970979347,114876400
2016-05-12,20.58481216430664,21.140789516231006,20.386575648952064,21.127118511980022,305258800
2016-05-13,20.62583351135254,20.88787218667541,20.507347380286475,20.507347380286475,177571200
2016-05-16,21.391437530517578,21.507646298698038,20.88331209704313,21.051927548030122,245039200
2016-05-17,21.30257225036621,21.57828188250692,21.19320072507569,21.54410436737179,187667600
2016-05-18,21.546388626098633,21.69449761346896,21.393723214723966,21.455246238574993,168249600
2016-05-19,21.464351654052734,21.56461033172737,21.320800878824148,21.56461033172737,121768400
2016-05-20,21.696765899658203,21.74461615082954,21.537263323991663,21.56460706970189,128104000
2016-05-23,21.97248077392578,22.14565439493188,21.79930715291968,21.84488007341032,152074400
2016-05-24,22.30743408203125,22.350726182938512,22.06590195241827,22.152489631091072,140560800
2016-05-25,22.699352264404297,22.72669427765415,22.35528411076761,22.482884808411256,152675200
2016-05-26,22.879356384277344,22.95227130105576,22.47604439269927,22.71301830683631,225324800
2016-05-27,22.865694046020508,22.893037804164504,22.6150490142039,22.658342863324513,145364800
2016-05-31,22.75404167175293,22.877085966361317,22.51706766788819,22.694797736179392,169228800
2016-06-01,22.435029983520508,22.68111848328965,22.40540889571504,22.56263065521024,116693200
2016-06-02,22.26642417907715,22.293766198575085,22.018056491917253,22.23908042114969,160766400
2016-06-03,22.311986923217773,22.391737347275814,22.204892751584605,22.282365833833033,114019600
2016-06-06,22.47376823425293,23.216590240671206,22.227681444651946,22.327938381737916,93170000
2016-06-07,22.564912796020508,22.75631556794565,22.54896270989583,22.61504213482064,89638000
2016-06-08,22.54441261291504,22.685684347248632,22.485168674217036,22.562640046151007,83392400
2016-06-09,22.70618438720703,22.783655731119804,22.4350312066546,22.444145789190607,106405600
2016-06-10,22.519338607788086,22.63782469767143,22.439588187825375,22.450980111575035,126851600
2016-06-13,22.17983055114746,22.58542169569288,22.125144788343775,22.487442095687204,152082000
2016-06-14,22.207172393798828,22.439589907996815,22.04539246135026,22.175272223368346,127727600
2016-06-15,22.134260177612305,22.423642565608542,22.109195506575492,22.289204626553907,117780800
2016-06-16,22.227676391601562,22.27324755824188,21.890443847806054,21.97702975979409,125307200
2016-06-17,21.721837997436523,22.02261234944432,21.715002493277378,22.015776845285174,244032800
2016-06-20,21.669424057006836,22.00437758305134,21.653473971882285,21.874497821771726,137647600
2016-06-21,21.853988647460938,21.95424556811044,21.57372091341449,21.63296482454512,142185600
2016-06-22,21.771961212158203,22.077291901443324,21.726388299887315,21.931462059034185,116876400
2016-06-23,21.89728355407715,21.94057738759953,21.703603451018928,21.860826961449543,128960800
2016-06-24,21.282066345214844,21.569169649500544,21.111171810973445,21.17041573627061,301245600
2016-06-27,20.972183227539062,21.20232175046967,20.849138920381,21.1909280830102,181958400
2016-06-28,21.32535743713379,21.341309261800948,20.994962048588413,21.16813565519468,161779600
2016-06-29,21.509923934936523,21.544103186627478,21.334471254189793,21.411944340584558,146124000
2016-06-30,21.783355712890625,21.82209138908081,21.487139571023903,21.51903974417218,143345600
2016-07-01,21.84943199157715,21.981590826109247,21.721831317368945,21.758287907816086,104106000
2016-07-05,21.64436149597168,21.737784673958213,21.52359630564104,21.735505593453183,110820800
2016-07-06,21.767404556274414,21.797027385905224,21.503088600549212,21.555495280247005,123796400
2016-07-07,21.86083221435547,21.988432926856422,21.787917273150736,21.806144704629926,100558400
2016-07-08,22.02944564819336,22.07729591094634,21.88589485993442,21.986151808280546,115648400
2016-07-11,22.097801208496094,22.250466560475083,22.040836369241642,22.045392791473265,95179600
2016-07-12,22.198055267333984,22.261855600883973,22.129698512142728,22.14109043546025,96670000
2016-07-13,22.072738647460938,22.255025107420934,22.06590140581734,22.19578292060921,103568800
2016-07-14,22.510231018066406,22.555802204078333,22.175277411747874,22.191227500694982,155676000
2016-07-15,22.507953643798828,22.626441517900535,22.444153283173037,22.539853824111724,120548000
2016-07-18,22.747203826904297,22.81556060236729,22.46693600606127,22.48972159788227,145975600
2016-07-19,22.75631332397461,22.78593441287697,22.63554641130614,22.68567574516308,95119600
2016-07-20,22.776826858520508,22.890756565739053,22.726697509195645,22.785941443709515,105104000
2016-07-21,22.656063079833984,23.01380231358722,22.58770455580797,22.74720719905884,130808000
2016-07-22,22.480607986450195,22.62643785525426,22.400855810148364,22.61732327115036,113254800
2016-07-25,22.17983055114746,22.52161961092135,22.084130031633748,22.387183415189565,161531600
2016-07-26,22.027164459228516,22.323382329932556,21.97019961781843,22.061343711760365,224959200
2016-07-27,23.458118438720703,23.777121863509226,23.41254726593469,23.758892699023296,369379200
2016-07-28,23.774850845336914,23.799915520397235,23.42850529480335,23.430784375744125,159479200
2016-07-29,23.74522590637207,23.822698999963638,23.62446071248406,23.740669483656855,110934800
2016-08-01,24.164485931396484,24.187271519812555,23.79079671840026,23.79079671840026,152671600
2016-08-02,23.806747436523438,24.16904299572096,23.697374175420425,24.164486573288297,135266400
2016-08-03,24.105236053466797,24.11662797564498,23.872818589146625,23.881933169946294,120810400
2016-08-04,24.2541561126709,24.283937671156025,24.118989890337996,24.187718714961047,109634800
2016-08-05,24.623003005981445,24.66194853346762,24.32518035942909,24.345797962975762,162213600
2016-08-08,24.82689094543457,24.82689094543457,24.54968771065634,24.63215985472597,112148800
2016-08-09,24.92768669128418,24.957469993000934,24.74441276709909,24.79481366430005,105260800
2016-08-10,24.74212646484375,24.948311201620122,24.68714445098562,24.904782827232136,96034000
2016-08-11,24.726089477539062,24.95518323652753,24.707761557336784,24.861253956375855,109938000
2016-08-12,24.783353805541992,24.8429186503767,24.69171598606845,24.69171598606845,74641600
2016-08-15,25.08118438720703,25.094929452823862,24.760452789323715,24.77419785494055,103472800
2016-08-16,25.05826759338379,25.252998631350042,25.01932208492901,25.115541016821822,135177600
2016-08-17,25.021617889404297,25.05598229904924,24.820014285005414,24.994126012119047,101424000
2016-08-18,24.98954200744629,25.10866996616933,24.975795196475197,25.023906413104605,87938800
2016-08-19,25.053693771362305,25.129295131759978,24.824600011015427,24.91852754387737,101472400
2016-08-22,24.858964920043945,24.994129402375847,24.707762196235322,24.93914738819395,103280800
2016-08-23,24.936853408813477,25.044527746957115,24.86354348145878,24.877288546635743,85030800
2016-08-24,24.748994827270508,24.913942588893782,24.66881237310542,24.872705648487965,94700400
2016-08-25,24.64361000061035,24.71462849049414,24.439716741137445,24.60237306342222,100344800
2016-08-26,24.49928855895996,24.73067201043777,24.354958363848603,24.606962911552,111065200
2016-08-29,24.471797943115234,24.613836718455794,24.35037851722022,24.425979885442466,99881200
2016-08-30,24.283939361572266,24.398486245353265,24.169392477791263,24.23812130719856,99455600
2016-08-31,24.306848526000977,24.41452287701855,24.20146560206905,24.20604845624034,118649600
2016-09-01,24.4511775970459,24.46721409021607,24.196883385456967,24.316011370743013,106806000
2016-09-02,24.680267333984375,24.74212186960598,24.47179120889458,24.673393054162965,107210000
2016-09-06,24.673391342163086,24.810848963511415,24.62986472672596,24.719211131894617,107521600
2016-09-07,24.824602127075195,24.916239988594533,24.529070941294915,24.703182703396976,169457200
2016-09-08,24.173969268798828,24.574883290465237,24.109823304987632,24.570302184984335,212008000
2016-09-09,23.626434326171875,24.21978796010266,23.626434326171875,23.972366327084888,186228000
2016-09-12,24.155649185180664,24.219795165153805,23.48898543364512,23.51647731699655,181171200
2016-09-13,24.730667114257812,24.92310675369148,24.568010777936287,24.629867062979635,248704800
2016-09-14,25.605802536010742,25.894461092548962,24.879575913559066,24.909359213711117,443554800
2016-09-15,26.476356506347656,26.513012334084227,25.999841232848645,26.08460652360491,359934400
2016-09-16,26.327451705932617,26.604654916585687,26.12584984759761,26.373271501813186,319547600
2016-09-19,26.020471572875977,26.616115042630625,25.944870207093928,26.38931269313128,188092000
2016-09-20,26.018178939819336,26.144181210282788,25.775340107122563,25.899050950528483,138057200
2016-09-21,26.013591766357422,26.114391811371693,25.759297605529163,26.082318831433565,144012800
2016-09-22,26.258724212646484,26.33203413703288,26.11668546946502,26.196867926161627,124296000
2016-09-23,25.82115936279297,26.297674837824704,25.555411490694333,26.21290951121863,209924800
2016-09-26,25.86009979248047,25.97693808498759,25.55540645783113,25.57602405470779,119477600
2016-09-27,25.90821647644043,25.928835826901764,25.736396129932732,25.88759887382604,98429600
2016-09-28,26.105226516723633,26.263301729645175,25.9860985613157,26.04566341294278,118564400
2016-09-29,25.69973373413086,26.070866191988394,25.612678749231804,25.924246350133995,143548000
2016-09-30,25.899045944213867,25.972355865263516,25.61267879201268,25.763879739494786,145516400
2016-10-03,25.777631759643555,25.899052933133607,25.722649740980888,25.82116013783521,86807200
2016-10-04,25.887590408325195,26.187702622774587,25.80282510254227,25.901335472240014,118947200
2016-10-05,25.899045944213867,26.038793254315756,25.816572064552215,25.979228397260922,85812400
2016-10-06,26.091487884521484,26.194579376189363,25.917376139540035,26.047959511314456,115117200
2016-10-07,26.130430221557617,26.244977086281747,26.00442971906894,26.18770365391968,97433600
2016-10-10,26.58633041381836,26.74669533984366,26.28163530652368,26.350362382885976,144944000
2016-10-11,26.643606185913086,27.191140157120522,26.62069541060492,26.964336066066327,256164000
2016-10-12,26.881864547729492,27.028486181720062,26.746700050253615,26.88415597503243,150347200
2016-10-13,26.799386978149414,26.904769890789296,26.510728370924866,26.75585860742008,140769600
2016-10-14,26.94829559326172,27.072006420704078,26.833748725020254,27.00556902738245,142608800
2016-10-17,26.929975509643555,26.996411170135023,26.753572313885545,26.87957459656984,94499600
2016-10-18,26.911640167236328,27.08116903441386,26.90705731394032,27.074296502316265,98214000
2016-10-19,26.831459045410156,26.978078896927713,26.0708679102204,26.861240601927424,80138400
2016-10-20,26.817712783813477,26.89102271107884,26.650475331542438,26.77189473471508,96503200
2016-10-21,26.712329864501953,26.783350112783413,26.639019937258844,26.76043934039463,92770800
2016-10-24,26.952882766723633,26.97350036734531,26.803971464573312,26.826880492324104,94154800
2016-10-25,27.090330123901367,27.11553057082107,26.874981485804383,27.021601314511965,192516000
2016-10-26,26.480941772460938,26.50614222102865,25.95860838005083,26.187702095869042,264536800
2016-10-27,26.226652145385742,26.542800877615743,26.139595405493818,26.435126540073536,138248000
2016-10-28,26.052541732788086,26.393890933552548,25.990685441011692,26.086906145125347,151446800
2016-10-31,26.011306762695312,26.16938202274203,25.93341397229303,26.0365072171331,105677600
2016-11-01,25.541662216186523,26.063995697126007,25.32173242146709,25.99297719249639,175303200
2016-11-02,25.56456756591797,25.738679283809553,25.482095434123416,25.521040947329862,113326800
2016-11-03,25.290550231933594,25.665889635814263,25.226074923961,25.555361038381356,107730400
2016-11-04,25.062580108642578,25.387261576155574,24.89448403168557,24.99119698748168,123348000
2016-11-07,25.424108505249023,25.447135151133345,25.2053509772968,25.348118992692342,130240000
2016-11-08,25.57378578186035,25.72576482599029,25.2606184395508,25.401083280887615,97016800
2016-11-09,25.532333374023438,25.63365272194597,24.880670700924725,25.30206340643254,236705600
2016-11-10,24.820798873901367,25.580688677849547,24.369469969035215,25.580688677849547,228538000
2016-11-11,24.968170166015625,25.069489503833324,24.53526330257498,24.6665171007387,136575600
2016-11-14,24.341833114624023,24.82539959689381,23.96649377621111,24.802372956180022,204702000
2016-11-15,24.66421890258789,24.7954727273236,24.445463113635245,24.539872896498174,129058000
2016-11-16,25.327396392822266,25.382662456827013,24.546781246166884,24.569807894425203,235362000
2016-11-17,25.318180084228516,25.41028841480842,25.06027886678912,25.28594243204859,110528000
2016-11-18,25.343505859375,25.454036189729493,25.251399300369588,25.265214932856402,113715600
2016-11-21,25.728059768676758,25.787928684907193,25.33199521234556,25.357325044912333,117058400
2016-11-22,25.74418067932129,25.88694692155281,25.652072349507886,25.77871976578358,103862000
2016-11-23,25.612930297851562,25.67740561027784,25.405686967323877,25.642864762386477,109705600
2016-11-25,25.74188232421875,25.76030434500653,25.548454619588256,25.589903287950463,45903600
2016-11-28,25.69121742248535,25.898460722164202,25.64976876254958,25.658979771070893,108776000
2016-11-29,25.665889739990234,25.7971435479873,25.345814633526857,25.50930609564107,114115200
2016-11-30,25.44943618774414,25.836289805737298,25.39186869552385,25.69812817577269,144649200
2016-12-01,25.212261199951172,25.546153745989834,25.106337213324622,25.414899919428603,148347600
2016-12-02,25.306673049926758,25.350423154767572,25.06488885007847,25.138575178927937,106112000
2016-12-05,25.124759674072266,25.336607651031624,24.92672733483875,25.329699832168703,137298000
2016-12-06,25.318180084228516,25.412591606198497,25.143176188629006,25.214559310338796,104782000
2016-12-07,25.56686782836914,25.60371185724585,25.13626422099755,25.159290860635497,119994800
2016-12-08,25.817867279052734,25.88925040096269,25.467855973231696,25.527726651799558,108273200
2016-12-09,26.2392578125,26.411960259945555,25.861615267964666,25.861615267964666,137610400
2016-12-12,26.089590072631836,26.481048345444968,25.90307018964767,26.087286880865953,105497600
2016-12-13,26.524797439575195,26.692893527728142,26.193208132680063,26.213931585950814,174935200
2016-12-14,26.524797439575195,26.757368835886556,26.476440958456386,26.49025659397022,136127200
2016-12-15,26.669862747192383,26.87940922303289,26.534004334186427,26.568543417614983,186098000
2016-12-16,26.704404830932617,26.82644761625008,26.63071852148697,26.819539799242705,177404400
2016-12-19,26.85869026184082,27.029089554719874,26.653750120681007,26.665264322381432,111117600
2016-12-20,26.93007469177246,27.05672388930169,26.86790256732577,26.88171820457601,85700000
2016-12-21,26.95539665222168,27.033689339669525,26.890921354805865,26.895527737089903,95132800
2016-12-22,26.778095245361328,26.82875492027494,26.628419412249425,26.791910881493962,104343600
2016-12-23,26.831056594848633,26.831056594848633,26.61690544877681,26.61690544877681,56998000
2016-12-27,27.001462936401367,27.12580895755609,26.824154037843016,26.83106185732592,73187600
2016-12-28,26.886320114135742,27.17645898903331,26.757367746249844,27.06132401291895,83623600
2016-12-29,26.879413604736328,26.96691555838618,26.803424095165973,26.81493653924547,60158000
2016-12-30,26.669862747192383,26.98763461247589,26.58005761663791,26.860987207324253,122345200
2017-01-03,26.74585723876953,26.78730590344384,26.42578212254811,26.665263101019615,115127600
2017-01-04,26.715925216674805,26.828758784076165,26.653753088303635,26.676779737447745,84472400
2017-01-05,26.851778030395508,26.909345515795238,26.66756137438828,26.69289120850978,88774400
2017-01-06,27.151123046875,27.20869051825911,26.81953384952019,26.890916951854148,127007600
2017-01-09,27.39982032775879,27.501139665978368,27.158037939035147,27.160339373579944,134247600
2017-01-10,27.42745590209961,27.489628020170905,27.2409377910653,27.3491631997953,97848400
2017-01-11,27.574827194213867,27.616275856511386,27.31001639380307,27.342254047054436,110354400
2017-01-12,27.45969581604004,27.471210018062205,27.220214819907678,27.379101672346597,108344800
2017-01-13,27.411340713500977,27.54489773368931,27.35837784107434,27.427459543053317,104447600
2017-01-17,27.632396697998047,27.687660999484315,27.222516428069017,27.250147700401918,137759200
2017-01-18,27.630084991455078,27.747523133139772,27.565609700120714,27.632388182379856,94852000
2017-01-19,27.581735610961914,27.65311873659486,27.48732584062354,27.49423365835313,102389200
2017-01-20,27.632396697998047,27.736017482887355,27.570224578428558,27.736017482887355,130391600
2017-01-23,27.650821685791016,27.818917799929746,27.579436792019994,27.632399664377807,88200800
2017-01-24,27.625490188598633,27.655424653984163,27.517263015313226,27.528777217211033,92844000
2017-01-25,28.065305709838867,28.115965388659937,27.69687407771373,27.729111735723393,129510400
2017-01-26,28.07911491394043,28.194249875199073,28.000822226738105,28.016941051041513,105350400
2017-01-27,28.081417083740234,28.17352540652359,28.000822960112348,28.12516893234686,82251600
2017-01-30,28.007736206054688,28.007736206054688,27.784375807794287,27.84654792755327,121510000
2017-01-31,27.943260192871094,27.952471202385627,27.77516410048706,27.89720690211886,196804000
2017-02-01,29.647254943847656,30.047925906640124,29.246585737875417,29.251190363700744,447940000
2017-02-02,29.596601486206055,29.79463381783453,29.423898993982657,29.469954046001256,134841600
2017-02-03,29.723247528076172,29.748577364792464,29.51139958174031,29.545938671062146,98029200
2017-02-06,30.001869201660156,30.050227435489187,29.68179412277796,29.73475873926701,107383600
2017-02-07,30.28741455078125,30.416365195972194,30.038722514923766,30.059445972834833,152735200
2017-02-08,30.40483856201172,30.446288974529015,30.216019055504376,30.245955269342417,92016400
2017-02-09,30.62453842163086,30.631476186182155,30.323889018539937,30.446460897443657,113399600
2017-02-10,30.555166244506836,30.744807941745723,30.538979298745115,30.63380014736456,80262000
2017-02-13,30.825746536254883,30.948321967432385,30.70086322161718,30.777182175124473,92141600
2017-02-14,31.225847244262695,31.24203419045037,30.816501360062997,30.86738066900869,132904800
2017-02-15,31.33916473388672,31.514930892914073,31.133336096768414,31.34147967526806,142492400
2017-02-16,31.302181243896484,31.42937604848535,31.184232094285502,31.376185301354955,90338400
2017-02-17,31.387733459472656,31.41317311322332,31.244348244991187,31.244348244991187,88792800
2017-02-21,31.61438751220703,31.62595163722792,31.447873992757657,31.505691088986595,98028800
2017-02-22,31.70920753479004,31.71151894818117,31.477939156162403,31.551943202308035,83347600
2017-02-23,31.575063705444336,31.79476790546571,31.52187297949432,31.771643190601353,83152800
2017-02-24,31.605125427246094,31.605125427246094,31.285974057110472,31.431674209367877,87106400
2017-02-27,31.667572021484375,31.785521133063103,31.517249012418116,31.71613992546529,81029600
2017-02-28,31.681447982788086,31.785518019553354,31.61437819475917,31.702261284366248,93931600
2017-03-01,32.32899475097656,32.41225148179693,31.822520128099818,31.8895863837367,145658400
2017-03-02,32.137046813964844,32.442319156734115,32.09079032756467,32.377564310423224,104844000
2017-03-03,32.32668685913086,32.338250981396506,32.051476982031915,32.095418529316575,84432400
2017-03-06,32.224937438964844,32.32438468422086,32.05380108447296,32.231875208532045,87000000
2017-03-07,32.26655578613281,32.3729372331792,32.09772737806563,32.160170810212044,69785200
2017-03-08,32.14630126953125,32.331316658871906,32.104674659588994,32.13473714603339,74828800
2017-03-09,32.072296142578125,32.097735804659074,31.695331095765436,32.08617520915662,88623600
2017-03-10,32.17867660522461,32.229555922206174,32.06304243551647,32.20411626371539,78451200
2017-03-13,32.19255065917969,32.24574138671217,32.10467109388138,32.11160886143455,69686800
2017-03-14,32.14398193359375,32.296616327969346,32.109289571651075,32.215674541184775,61236400
2017-03-15,32.48394012451172,32.55100636467244,32.15322469019747,32.24110775491531,102767200
2017-03-16,32.53714370727539,32.61346268385059,32.43769648487442,32.54408147524815,76928000
2017-03-17,32.3752555847168,32.60883533337657,32.352127339597125,32.60883533337657,175540000
2017-03-20,32.71521759033203,32.72446677028318,32.43075502037318,32.47007021069586,86168000
2017-03-21,32.34055709838867,33.025112795244745,32.31511744511997,32.865537109184174,158119600
2017-03-22,32.70595169067383,32.747581805850054,32.322045593359135,32.34286241538376,103440800
2017-03-23,32.59033966064453,32.74297763825525,32.51864702752067,32.66897006285293,81385200
2017-03-24,32.525569915771484,32.77996642873326,32.45850366901273,32.724460772576016,89582400
2017-03-27,32.58106994628906,32.659700298946355,32.05840147879167,32.236479007117,94300400
2017-03-28,33.256385803222656,33.31188794268025,32.5209506955383,32.58802048588234,133499200
2017-03-29,33.33038330078125,33.41595496380093,33.11530549478005,33.228624693216595,116760000
2017-03-30,33.28644561767578,33.418270246070115,33.18700193986894,33.34657763576764,84829200
2017-03-31,33.2240104675293,33.36508429564354,33.07368392967407,33.23788600326598,78646800
2017-04-03,33.23326873779297,33.330401043390495,33.082945687698746,33.23558368029876,79942800
2017-04-04,33.480716705322266,33.50846777533685,33.11068597037959,33.129187860014184,79565600
2017-04-05,33.3072624206543,33.640289345938676,33.25869452368603,33.35351537608284,110871600
2017-04-06,33.2240104675293,33.4229013804629,33.17544256357612,33.36970712163922,84596000
2017-04-07,33.14998245239258,33.3442468905994,33.13379551364499,33.24017690790808,66688800
2017-04-10,33.11068344116211,33.274885493579646,33.04824000952453,33.21013064924229,75733600
2017-04-11,32.754539489746094,33.152321357737605,32.39144646476976,33.05750048166255,121517600
2017-04-12,32.79384994506836,32.87479174335535,32.61114598794621,32.74759698477941,81400000
2017-04-13,32.62040328979492,32.92799063588841,32.62040328979492,32.81929422302548,71291600
2017-04-17,32.80079650878906,32.81236063418109,32.57877729943914,32.71985115992045,66328400
2017-04-18,32.65509796142578,32.849362573988856,32.634284651981694,32.70366587900445,58790000
2017-04-19,32.53482437133789,32.840100236409285,32.4816336477722,32.81234916826621,69313600
2017-04-20,32.94186782836914,33.05287566004394,32.645844591319445,32.65972012916938,93278400
2017-04-21,32.90253448486328,32.99735178417823,32.805402244599634,32.9418496633838,69283600
2017-04-24,33.219383239746094,33.29107585841825,33.11299825376905,33.18700581425303,68537200
2017-04-25,33.42520523071289,33.510773367645065,33.27256731439549,33.28182002204297,75486000
2017-04-26,33.22862243652344,33.441392344548845,33.15924478050825,33.411326341026495,80164800
2017-04-27,33.25407028198242,33.33964196027927,33.14306247612717,33.28413629291438,56985200
2017-04-28,33.22169876098633,33.37202531348127,33.13381918313752,33.32345740479825,83441600
2017-05-01,33.89931869506836,34.04270395775344,33.5246650583104,33.557042489525585,134411600
2017-05-02,34.1143913269043,34.24852738664094,33.95944196364165,34.121329094746294,181408800
2017-05-03,34.010318756103516,34.10976596924904,33.36508169256447,33.67035404157906,182788000
2017-05-04,33.88774490356445,34.028818712660346,33.721231439422596,33.88543349087821,93487600
2017-05-05,34.449729919433594,34.45435274496605,33.94093680090705,33.94093680090705,109310800
2017-05-08,35.3863639831543,35.54593968681708,34.465917067774505,34.465917067774505,195009600
2017-05-09,35.61300277709961,35.81883139976677,35.48811593299326,35.585248184590526,156521600
2017-05-10,35.44418716430664,35.60145148226307,35.178229964999915,35.52975885613039,103222800
2017-05-11,35.75071716308594,35.778586322509284,35.36987172307813,35.40238278953829,109020400
2017-05-12,36.249996185302734,36.32430567087355,35.91791559499993,35.92488199853969,130108000
2017-05-15,36.15709686279297,36.37770786054635,36.00615342839315,36.229085378997176,104038800
2017-05-16,36.10369873046875,36.24070940692101,35.92953153528482,36.2128437895926,80194000
2017-05-17,34.89149856567383,35.89470341996121,34.766099730608424,35.66944687286726,203070800
2017-05-18,35.423274993896484,35.609053998391495,35.09584344055079,35.128354500579434,134272800
2017-05-19,35.54404067993164,35.757685347800766,35.44418652206005,35.61835371750733,107843200
2017-05-22,35.76000213623047,35.89701278335505,35.50920100363772,35.76232308936414,91865600
2017-05-23,35.71588897705078,35.97133208567546,35.60209846050506,35.97133208567546,79675600
2017-05-24,35.60905838012695,35.80180381095709,35.453469463455924,35.72516982929401,76712000
2017-05-25,35.73214340209961,35.8436129669423,35.5370769787863,35.69963233154739,76942400
2017-05-26,35.671756744384766,35.81805829270953,35.60208917168536,35.762323525862016,87710400
2017-05-30,35.68568801879883,35.862176124415456,35.6067330933998,35.62763230128075,80507600
2017-05-31,35.474365234375,35.801800339704464,35.38612295110314,35.755356473228765,97804800
2017-06-01,35.57190704345703,35.606742609341595,35.348975012935064,35.569586089774354,65616400
2017-06-02,36.09904098510742,36.09904098510742,35.50455106163563,35.66478539358253,111082800
2017-06-05,35.74607467651367,35.86683159485282,35.63693315705113,35.84128693027032,101326800
2017-06-06,35.8668327331543,36.1826560764517,35.71124378701055,35.73910940618827,106499600
2017-06-07,36.08046340942383,36.22211949099167,35.873785212720534,35.99918753722427,84278400
2017-06-08,35.99222183227539,36.11994156869703,35.855207653820855,36.05259849937361,85003200
2017-06-09,34.5965690612793,36.03867492991036,33.90919121369438,36.03867492991036,259530800
2017-06-12,33.76985549926758,33.925444425377805,33.09408597369239,33.84416853209419,289229200
2017-06-13,34.04154968261719,34.2412614926706,33.70714818267288,34.17391841944506,136661600
2017-06-14,33.709468841552734,34.2528694453794,33.402932987021146,34.2528694453794,126124800
2017-06-15,33.507442474365234,33.551565394676025,33.02442193475349,33.282189509280364,128661600
2017-06-16,33.03834533691406,33.55620129202588,33.02208803682132,33.38900055920638,201444400
2017-06-19,33.98351287841797,34.07640420423386,33.3611569409394,33.3611569409394,130165600
2017-06-20,33.67464065551758,34.10657538102148,33.6583868954916,34.10657538102148,99600400
2017-06-21,33.87434768676758,33.920795093838045,33.581748156797836,33.79307181127359,85063200
2017-06-22,33.81863021850586,34.06710693885357,33.700194243135414,33.85114129061045,76425200
2017-06-23,33.96956253051758,34.17391979838276,33.69786218670951,33.70250763646279,141757600
2017-06-26,33.86275100708008,34.434017458450086,33.76057234593985,34.17624985182483,102769600
2017-06-27,33.37739181518555,33.94169522684023,33.35184715797583,33.67463680265872,99047600
2017-06-28,33.86507034301758,33.93009248001126,33.24503554447308,33.55389246691343,88329600
2017-06-29,33.36579132080078,33.70251742867017,33.040680612409396,33.60498421615276,125997600
2017-06-30,33.44474792480469,33.66303804957136,33.38901314504274,33.54460208550732,92096400
2017-07-03,33.3239860534668,33.741987980943975,33.23109831111197,33.64445478843934,57111200
2017-07-05,33.461002349853516,33.62355769807558,33.14285805808741,33.368114591852574,86278400
2017-07-06,33.145179748535156,33.32399240727423,33.07087024917093,33.212526386507434,96515200
2017-07-07,33.481895446777344,33.614264198357915,33.184650423351705,33.184650423351705,76806800
2017-07-10,33.686248779296875,33.89292699077975,33.29379156409642,33.46563776263715,84362400
2017-07-11,33.7953987121582,33.86971174179813,33.528343791700344,33.609619681498685,79127200
2017-07-12,33.84415817260742,33.9463332463082,33.63051358378686,33.874344732442935,99538000
2017-07-13,34.31557846069336,34.482779229905475,33.77449868580418,33.788431492665154,100797600
2017-07-14,34.61050033569336,34.677846962729916,34.21340115093702,34.36202366897313,80528400
2017-07-17,34.73124694824219,35.04242469951747,34.501348607324154,34.55940431659667,95174000
2017-07-18,34.852012634277344,34.863624487757846,34.524577500704176,34.64765535202909,71475200
2017-07-19,35.07029342651367,35.163181142853645,34.821813292973424,34.944891111671545,83692000
2017-07-20,34.91238784790039,35.23750201452352,34.877555832359356,35.18176724621783,68974800
2017-07-21,34.89613342285156,34.93561088752508,34.573343759048086,34.83111129945517,105010400
2017-07-24,35.31877517700195,35.400054598254506,34.81020652865198,34.96811992162958,85972800
2017-07-25,35.469722747802734,35.725165780959614,35.25143268115461,35.25143268115461,75415600
2017-07-26,35.63692855834961,35.74607006372819,35.544037270290794,35.611383897063476,63124000
2017-07-27,34.96346664428711,35.75999274653627,34.20642153902295,35.7042579950036,129905200
2017-07-28,34.717323303222656,34.886845026854395,34.6453347716848,34.80789009184128,68854800
2017-07-31,34.53849411010742,34.91005198659419,34.399162564003774,34.81019434561998,79383600
2017-08-01,34.84504699707031,34.88452446501993,34.4642015812408,34.62443594985058,141474400
2017-08-02,36.49150466918945,37.09760655177292,36.26392722992396,36.988461510367614,279747200
2017-08-03,36.126922607421875,36.50776806757906,35.99919928834219,36.47061154867575,108389200
2017-08-04,36.317344665527344,36.551888554255555,36.154789319703795,36.2430351689112,82239600
2017-08-07,36.879310607910156,36.904855263401494,36.382353845710945,36.47292061637306,87481200
2017-08-08,37.17424392700195,37.58063402025614,36.75392102607237,36.830555011727434,144823600
2017-08-09,37.401817321777344,37.45058568678089,36.94898340434453,36.983815419747046,104526000
2017-08-10,36.21049880981445,37.301567965268276,36.04963522878747,37.27825306234809,163217200
2017-08-11,36.71406173706055,36.96818133409081,36.38534442252871,36.50890556319154,105028400
2017-08-14,37.2666130065918,37.35054170797339,37.01016320866023,37.14305180141279,88490800
2017-08-15,37.67460250854492,37.81448131875585,37.33422397805453,37.455455126122445,117862000
2017-08-16,37.52305221557617,37.88674200095783,37.33654362997252,37.75385699046317,110686400
2017-08-17,36.80265808105469,37.46709365530444,36.79799438919675,37.42279747604051,111762400
2017-08-18,36.7187385559082,37.185008251856246,36.5368936590769,36.80266724347307,109712400
2017-08-21,36.6511344909668,36.80966449509237,36.16154984085042,36.71874203805428,105474000
2017-08-22,37.25028991699219,37.30157987390728,36.83997381902732,36.888930150492534,86418400
2017-08-23,37.296905517578125,37.41114285393085,37.04045936367374,37.084755546287134,77596400
2017-08-24,37.13138961791992,37.47409814181354,36.96353223652894,37.40182334806708,79275600
2017-08-25,37.2689208984375,37.43211451030776,37.1313722511007,37.21996103619945,101920400
2017-08-28,37.644287109375,37.76784830380516,37.28525742350356,37.334217310615394,103864000
2017-08-29,37.9799919128418,38.028948229742845,37.30156877694594,37.32488368037345,118067600
2017-08-30,38.082576751708984,38.20846799747685,37.91005569301831,38.18748671607475,109078400
2017-08-31,38.2341194152832,38.355350546074234,38.11288828449217,38.15019071817493,107140400
2017-09-01,38.24576950073242,38.45325935674631,38.14785329919999,38.42062062290216,66364400
2017-09-05,37.786502838134766,38.2924051150552,37.43213681452631,38.17583767178258,117874000
2017-09-06,37.746864318847656,37.99865038307383,37.42280702048679,37.93337290983247,86606800
2017-09-07,37.5953254699707,37.8238001893692,37.38550552322698,37.78882782667486,87714000
2017-09-08,36.982181549072266,37.56967879635614,36.958866641662645,37.50207125663692,114446000
2017-09-11,37.651275634765625,37.779500504745165,37.27592841029202,37.41814080111383,126323200
2017-09-12,37.502071380615234,38.22479082443765,37.014820407399995,37.9100573601444,286856000
2017-09-13,37.219993591308594,37.29226841446764,36.8143410523278,37.271283565237184,179629600
2017-09-14,36.90058898925781,37.16169891981157,36.85629279231973,37.066116321391284,95042800
2017-09-15,37.273590087890625,37.52770614652858,36.83529555933749,36.944869191475775,196458400
2017-09-18,36.99149703979492,37.41813413626858,36.835297155952865,37.32721170963351,113077600
2017-09-19,37.005496978759766,37.2479592360703,36.937889431587216,37.18734189306476,83242400
2017-09-20,36.38535690307617,36.895919224555115,35.86313357054111,36.81199053820761,211805600
2017-09-21,35.760562896728516,36.322418870932424,35.61135669998519,36.322418870932424,150046800
2017-09-22,35.41084671020508,35.499439077763675,35.10077698110493,35.329248102469,186581600
2017-09-25,35.098445892333984,35.39685816059518,34.774388653018086,34.96789096963907,177549200
2017-09-26,35.7022705078125,35.88411540480355,35.36422568942429,35.38520697199507,146640000
2017-09-27,35.956382751464844,36.070620095370714,35.79551915443488,35.85613648511578,102016800
2017-09-28,35.73490905761719,35.968043904578344,35.599690419497065,35.87712145655771,88022000
2017-09-29,35.93074035644531,35.93307398154975,35.43649563463179,35.71859035590698,105199200
2017-10-02,35.85846710205078,36.00767324874679,35.604350994879546,35.963377062526,74795200
2017-10-03,36.014671325683594,36.15688372921722,35.88178630844872,35.905097659484454,64921200
2017-10-04,35.781532287597656,35.87012466029969,35.543737325116126,35.81650464609564,80655200
2017-10-05,36.22682571411133,36.238483168569914,35.91442585581295,35.94473096857849,85135200
2017-10-06,36.20583724975586,36.25013343349978,36.03331620710981,36.12890233441458,69630400
2017-10-09,36.33173370361328,36.539223575154196,36.25013864157454,36.324739942791545,65051600
2017-10-10,36.34571838378906,36.83530294716818,36.15921336664957,36.38302081015903,62468000
2017-10-11,36.49726486206055,36.597511149322166,36.31075625330116,36.362046209643886,67622400
2017-10-12,36.36903381347656,36.6884273951515,36.30608641273993,36.45063242766684,64500400
2017-10-13,36.59982681274414,36.667434327094995,36.46460822668835,36.53920949916674,65576800
2017-10-16,37.273590087890625,37.30156512337973,36.75369696268831,36.81198065819359,96486000
2017-10-17,37.4111442565918,37.50439676017066,37.12205580372936,37.25028066416653,75989200
2017-10-18,37.24562072753906,37.467101671243675,37.20832185675938,37.39949057557953,65496800
2017-10-19,36.364376068115234,36.620825848350755,36.14056858477861,36.5438909142801,170336800
2017-10-20,36.42731857299805,36.77702083129883,36.359711034962906,36.511247257284445,95896400
2017-10-23,36.408660888671875,36.76302677683366,36.25246100127243,36.576518227414056,87937200
2017-10-24,36.62548065185547,36.70008194240806,36.41565718513173,36.43663846459762,71028800
2017-10-25,36.46462631225586,36.73039992498163,36.198852699530086,36.58119374866814,84828400
2017-10-26,36.69775390625,36.79567010653239,36.550877827148845,36.65578778764032,68002000
2017-10-27,38.012630462646484,38.14085531617906,36.998492643399054,37.13604132384546,177816800
2017-10-30,38.86824035644531,39.18297380971977,38.16883584459568,38.20846834005119,178803200
2017-10-31,39.40911102294922,39.551323414881345,38.9195300028712,39.143337452805355,144187200
2017-11-01,38.907875061035156,39.618937066593105,38.60946273695764,39.602615919526045,134551200
2017-11-02,39.19230651855469,39.283228983403035,38.53253435266287,38.84027411513797,165573600
2017-11-03,40.21574783325195,40.62606374788861,39.89402071223257,40.565449988323714,237594400
2017-11-06,40.62375259399414,40.79627368479755,40.03392163575447,40.18545788389442,140105200
2017-11-07,40.754295349121094,40.85687523414966,40.472204222647406,40.544475444184386,97446000
2017-11-08,41.087684631347656,41.087684631347656,40.64239624240402,40.71933116489338,97638000
2017-11-09,41.00374984741211,41.05503978810688,40.36495921343929,40.82423505498039,117930400
2017-11-10,40.8680534362793,41.03417579631033,40.77446568734088,40.97100210219782,100582000
2017-11-13,40.704261779785156,40.828267119235015,40.57089552595637,40.59429424176089,67928400
2017-11-14,40.088924407958984,40.58962637830053,40.05148787911344,40.48667770904722,99130000
2017-11-15,39.56014633178711,39.85027407149938,39.39636598281399,39.768382111940895,116632400
2017-11-16,40.03277587890625,40.21293249207959,39.845596792225884,40.05149057444457,94550000
2017-11-17,39.810489654541016,40.10061735144364,39.6911647543555,40.01872540396868,87598000
2017-11-20,39.77070999145508,39.90641469316812,39.67244180817521,39.843241014580016,65049600
2017-11-21,40.510066986083984,40.64109123634763,39.95789080987073,39.95789080987073,100525200
2017-11-22,40.93589401245117,40.94525135618413,40.48900498367232,40.56153600056617,102355600
2017-11-24,40.938236236572266,41.062241580805996,40.863363199223556,40.96865385426304,56106800
2017-11-27,40.73234176635742,40.96397622523732,40.55686208936625,40.956957323769124,82867200
2017-11-28,40.49369812011719,40.91484655268083,40.210589294086674,40.78148383440733,105715200
2017-11-29,39.65373992919922,40.458607557273915,39.11092446826275,40.390756963460994,166665600
2017-11-30,40.20824432373047,40.27609489391926,39.41039587728747,39.87599966375106,166108800
2017-12-01,40.021060943603516,40.16612298351584,39.424429398908984,39.763689353298346,159037200
2017-12-04,39.728599548339844,40.38840127674619,39.688824583342225,40.355645213210316,130169600
2017-12-05,39.691165924072266,40.131036155210275,39.40103821861945,39.555461202335145,109400800
2017-12-06,39.54376983642578,39.822198238160624,38.94714162715871,39.19047194178457,114240000
2017-12-07,39.616302490234375,39.878351057626205,39.52037272176273,39.548448333942154,102693200
2017-12-08,39.627994537353516,40.00937156075876,39.49931228026131,39.8900466501275,93420800
2017-12-11,40.40010452270508,40.451578851805564,39.49228843145303,39.58821818751698,141095200
2017-12-12,40.173160552978516,40.33460248281685,40.11700932183085,40.27844768152478,77636800
2017-12-13,40.3065185546875,40.6036616119481,40.24334486253051,40.360331330154146,95273600
2017-12-14,40.29481506347656,40.507731269561084,40.16144879038737,40.33692847383528,81906000
2017-12-15,40.704261779785156,40.75105564125142,40.350964020050625,40.62471185827822,160677200
2017-12-18,41.27749252319336,41.45999107276082,40.912495424058434,40.91717588101064,117684400
2017-12-19,40.83762741088867,41.03650579915266,40.732340322454874,40.952275414377006,109745600
2017-12-20,40.793182373046875,41.0435315553513,40.53581071820715,40.914845727931436,93902400
2017-12-21,40.94760513305664,41.18392009998116,40.73469245958435,40.751068709785024,83799600
2017-12-22,40.94760513305664,41.04353490041919,40.82828021252971,40.870393630311945,65397600
2017-12-26,39.90877151489258,40.11934576146174,39.70053214264536,39.96258429876794,132742000
2017-12-27,39.9157829284668,39.9578963418206,39.707547165438044,39.79879646451484,85992800
2017-12-28,40.02808380126953,40.208243932293136,39.88769863447187,40.0093655410203,65920800
2017-12-29,39.59524154663086,39.913444903186715,39.592903102369796,39.897068653071464,103999600
2018-01-02,40.30417251586914,40.31353343162475,39.60225378021744,39.812831542998936,102223600
2018-01-03,40.29716110229492,40.83998007240303,40.23399097485094,40.367353702932206,118071600
2018-01-04,40.484336853027344,40.587285516147695,40.262063277732224,40.369688829071734,89738400
2018-01-05,40.945274353027344,41.03184321921319,40.489027724265384,40.58027705001778,94640000
2018-01-08,40.793182373046875,41.08798698392758,40.694910599276334,40.793182373046875,82271200
2018-01-09,40.78849792480469,40.959297149866934,40.5732432755148,40.83997225073741,86336000
2018-01-10,40.77914047241211,40.78148248660823,40.477316963030724,40.51475348873273,95839600
2018-01-11,41.010772705078125,41.059908588629746,40.82593567106534,40.849330820735744,74670800
2018-01-12,41.434261322021484,41.497435006670855,41.09733976408248,41.22134511941513,101672400
2018-01-16,41.22368240356445,41.97239490744549,41.211983045506045,41.62377403010491,118263600
2018-01-17,41.9045524597168,41.939646970546875,40.961641853884466,41.21432947214807,137547200
2018-01-18,41.941986083984375,42.13852605820033,41.70567471028857,41.96772324905173,124773600
2018-01-19,41.754817962646484,42.01686654763952,41.509145629143404,41.789912480227976,129700400
2018-01-22,41.413204193115234,41.59570277343954,41.319616459154176,41.48339677865763,108434400
2018-01-23,41.422569274902344,41.984106493976,41.371098510710866,41.48340452646805,130756400
2018-01-24,40.76276397705078,41.48340102680674,40.52411058982438,41.47170166632772,204420400
2018-01-25,40.03510284423828,40.93355791852135,39.89939813455858,40.83060927185792,166116000
2018-01-26,40.128700256347656,40.24334828963391,39.78944018537663,40.24334828963391,156572000
2018-01-29,39.2980842590332,39.81282385170851,39.089848550490544,39.81282385170851,202561600
2018-01-30,39.066463470458984,39.16005122173868,38.535343878079864,38.729541853621896,184192800
2018-01-31,39.17408752441406,39.41040247806591,38.95649440447249,39.04306324959199,129915600
2018-02-01,39.255985260009766,39.45252170117444,39.01733182708451,39.113261603180696,188923200
2018-02-02,37.55264663696289,39.026676471320826,37.45905891452289,38.83949745629807,346375200
2018-02-05,36.61442184448242,38.34348150059493,36.499773833727474,37.225091280275514,290954000
2018-02-06,38.14460754394531,38.30604944131928,36.03183221340703,36.22603017907835,272975200
2018-02-07,37.328033447265625,38.231168949040736,37.21806947306256,38.15863792407695,206434400
2018-02-08,36.30089569091797,37.66963864747033,36.272820084061365,37.503516309901045,217562000
2018-02-09,36.74490737915039,37.09259809366148,35.29540922724705,36.89995995166039,282690400
2018-02-12,38.22494888305664,38.50216084208162,37.00332640992512,37.23590527913192,243278000
2018-02-13,38.607887268066406,38.70420816084328,37.97593331088665,38.046412100350224,130196800
2018-02-14,39.31970977783203,39.359646916272006,38.26489040714786,38.30247598263867,162579600
2018-02-15,40.64000701904297,40.66349755897296,39.702647367623015,39.88823804728054,204588800
2018-02-16,40.50843811035156,41.06991676593039,40.35338910191299,40.491995093642714,160704400
2018-02-20,40.37217712402344,40.938348059316176,40.27115672319348,40.419161773030865,135722000
2018-02-21,40.18893814086914,40.90546216900995,40.17483951865487,40.6024081083395,149886400
2018-02-22,40.52488327026367,40.86552649965354,40.33929262849657,40.360435185527116,123967600
2018-02-23,41.22965621948242,41.264893808012744,40.76919808272674,40.79973971591884,135249600
2018-02-26,42.044857025146484,42.14352586821339,41.396460234407215,41.429349848762854,152648800
2018-02-27,41.90860366821289,42.39959996000254,41.85457149250912,42.07540332108041,155712400
2018-02-28,41.845176696777344,42.43249392454348,41.82873367844383,42.1129932092507,151128400
2018-03-01,41.11220169067383,42.23515182722027,40.5624736826807,41.943841221891674,195208000
2018-03-02,41.3964729309082,41.41761549275726,40.51314544352325,40.595371296980964,153816000
2018-03-05,41.539772033691406,41.75590432996107,40.99943950066743,41.16153961904458,113605600
2018-03-06,41.5045280456543,41.875712915688,41.37766911815642,41.79583864338566,95154000
2018-03-07,41.11924743652344,41.311889179650166,40.94070431594449,41.09810487975081,126814000
2018-03-08,41.56796646118164,41.61025158273074,41.12865430315472,41.2249716082499,95096400
2018-03-09,42.28215026855469,42.28684981113878,41.67369034548924,41.807600423880835,128740800
2018-03-12,42.69091033935547,42.848310909275334,42.33617206249424,42.35496305722243,128828400
2018-03-13,42.27978515625,43.109076643598875,42.10828956078416,42.895292351414525,126774000
2018-03-14,41.92035675048828,42.40900513429512,41.77235165588669,42.36202047107716,117473600
2018-03-15,41.96968078613281,42.34321720616517,41.83342636615037,41.934443192119986,90975200
2018-03-16,41.821678161621094,42.080095541605395,41.72770527232746,41.969679637122375,157618800
2018-03-19,41.182674407958984,41.69246520374782,40.79739454647945,41.65722761279198,133787200
2018-03-20,41.16859436035156,41.53507977851933,41.09811556808077,41.16859436035156,78597600
2018-03-21,40.23591613769531,41.13333469644527,40.23356457536566,41.121587638893054,148219600
2018-03-22,39.66740417480469,40.567170949186654,39.60867245620693,39.93756864647452,165963200
2018-03-23,38.748836517333984,39.91877126601318,38.748836517333984,39.55933346018585,164115200
2018-03-26,40.58832550048828,40.66585181526154,39.10123764736558,39.484169679054624,150164800
2018-03-27,39.547584533691406,41.147435786997505,39.21398884136804,40.8020930353932,163690400
2018-03-28,39.11062240600586,39.94226549266874,38.80756833575712,39.291517090797406,166674000
2018-03-29,39.41603088378906,40.34869086628051,39.20929408624951,39.42307840327794,153594000
2018-04-02,39.1576042175293,39.688541173485575,38.63841790528605,39.148208721137635,150347200
2018-04-03,39.5593376159668,39.64391143708724,38.73474554856729,39.38314245402419,121112000
2018-04-04,40.3157958984375,40.40976520228885,38.70889714356491,38.734739239828905,138422000
2018-04-05,40.595359802246094,40.93130347216911,40.42621218594805,40.54367560922729,107732800
2018-04-06,39.55698776245117,40.52018578459094,39.514699061545755,40.16544749918795,140021200
2018-04-09,39.949302673339844,40.66347856121487,39.9023180307307,39.90936554788714,116070800
2018-04-10,40.701080322265625,40.877275475175864,40.29700581814884,40.64234860462888,113634400
2018-04-11,40.51078414916992,40.8584748625263,40.336937000142214,40.46144793637185,89726400
2018-04-12,40.91017150878906,41.112208792528925,40.65175047678454,40.738675870113404,91557200
2018-04-13,41.048770904541016,41.30953987307731,40.84203769697408,41.06051796495608,100497200
2018-04-16,41.30483627319336,41.3917580517207,41.07225742493238,41.11924207319854,86313600
2018-04-17,41.87335968017578,42.03780774506262,41.443443148950855,41.4622377256092,106421600
2018-04-18,41.77938461303711,42.00961547654327,41.5538568743234,41.77233709524598,83018000
2018-04-19,40.595359802246094,41.20381947450477,40.56247018711588,40.82088756751069,139235200
2018-04-20,38.93208312988281,40.22418097949111,38.86395232674434,40.07852745991191,261964400
2018-04-23,38.819313049316406,39.213988427152856,38.54914502750533,39.19284587149001,146062000
2018-04-24,38.278987884521484,39.07538989520362,37.87491334848278,38.92033728806554,134768000
2018-04-25,38.44577407836914,38.8615955688351,38.1544671050226,38.20379973161242,113528400
2018-04-26,38.579681396484375,38.93441959250887,38.37999217218198,38.556187281378676,111852000
2018-04-27,38.133323669433594,38.60552529366012,37.73629676460138,38.527999011826125,142623200
2018-04-30,38.824012756347656,39.293866490425344,38.020563301238745,38.08869410011174,169709600
2018-05-01,39.726131439208984,39.7496219731945,38.8263611810119,39.09417764440143,214277600
2018-05-02,41.48103332519531,41.75824527216936,40.83028498306096,41.166228639278565,266157600
2018-05-03,41.55620574951172,41.69951125552429,40.980635747713265,41.31893094778877,136272800
2018-05-04,43.18659973144531,43.28526857020674,41.85691300893374,41.875707585559574,224805200
2018-05-07,43.49906539916992,44.08873062408348,43.40274451042906,43.503761356157284,169805600
2018-05-08,43.7081298828125,43.74806700684488,43.149002976962585,43.459108059611616,113611200
2018-05-09,44.015892028808594,44.02528752495806,43.51314874438485,43.825601865665355,92844800
2018-05-10,44.64550018310547,44.723026479302476,44.084025114920664,44.10517125730131,111957200
2018-05-11,44.47569274902344,44.82236714269352,44.20684358643458,44.68794436066,104848800
2018-05-14,44.37194061279297,44.69739103369072,44.303550683014535,44.574756968080656,83115200
2018-05-15,43.96865463256836,44.117230403575014,43.65263963890767,44.04883689689626,94780800
2018-05-16,44.379005432128906,44.445041913162775,43.864891761356354,43.88140178124538,76732400
2018-05-17,44.098365783691406,44.55116421714171,43.949790004496656,44.33655555797642,69176000
2018-05-18,43.9379997253418,44.29174885556378,43.89555155700583,44.14553369993248,73190800
2018-05-21,44.24930953979492,44.636075188940175,44.079509635436224,44.33656652451263,73603200
2018-05-22,44.13847732543945,44.5441101176721,44.048859690392504,44.426193691988736,60962800
2018-05-23,44.42145538330078,44.45447182320738,43.808288815295995,43.94743286781569,80233600
2018-05-24,44.37194061279297,44.534665823241845,43.914427996002615,44.5181593982014,92936000
2018-05-25,44.47334671020508,44.72568591712509,44.254020350486186,44.39080379663419,69844000
2018-05-29,44.31298065185547,44.513439966610946,44.070073161376456,44.24223369231623,90056400
2018-05-30,44.21864700317383,44.336563395182296,44.04884711079983,44.27053050353937,74762000
2018-05-31,44.0700569152832,44.39078954154259,43.89790004633062,44.152599802347325,109931200
2018-06-01,44.86482238769531,44.86953645162613,44.277597561320896,44.33419871518947,93770000
2018-06-04,45.239803314208984,45.61477657652399,45.12660458565633,45.19499450955699,105064800
2018-06-05,45.588836669921875,45.73741248113974,45.36479623612481,45.532239102618185,86264000
2018-06-06,45.746829986572266,45.770414697964746,45.26101515946964,45.66429069374203,83734400
2018-06-07,45.624202728271484,45.79871665000415,45.360067616734455,45.784567261595775,85388800
2018-06-08,45.20914840698242,45.27989896882582,44.753992816513936,45.08415730708573,106627200
2018-06-11,45.098304748535156,45.2728223137285,44.857757886607324,45.126607131161826,73234000
2018-06-12,45.34593200683594,45.423757265251474,45.0794397824303,45.13604095178425,67644400
2018-06-13,44.973297119140625,45.4874142986502,44.91198190995134,45.37892966859977,86553600
2018-06-14,44.996883392333984,45.17847559309577,44.86009998383357,45.17375793114149,86440400
2018-06-15,44.534664154052734,44.8459651708129,44.39788070109959,44.81530575592877,246876800
2018-06-18,44.51107406616211,44.62427277739509,44.14788961977815,44.30825775933685,73939600
2018-06-19,43.79179382324219,43.94272667342258,43.26352704834932,43.662085061714585,134314000
2018-06-20,43.982818603515625,44.147900849078894,43.80122633413449,43.947445121796015,82514800
2018-06-21,43.737545013427734,44.4191015421544,43.614910971313066,44.15968406816612,102847600
2018-06-22,43.610191345214844,43.900264617780905,43.558307852752996,43.893189923219936,108801600
2018-06-25,42.96165084838867,43.610190899003925,42.62205111884842,43.251724117986754,126652400
2018-06-26,43.49463653564453,43.989886797653796,43.04891273924521,43.15504036576329,98276800
2018-06-27,43.43095779418945,44.1667547835361,43.40029838679268,43.6832969520397,101141200
2018-06-28,43.74697494506836,43.91441778022943,43.34605999142176,43.416810535835204,69460800
2018-06-29,43.654998779296875,44.145531311824726,43.136167469409244,43.93327968606021,90950800
2018-07-02,44.143165588378906,44.171467960995365,43.25643588103166,43.350771125550494,70925200
2018-07-03,43.37435531616211,44.32476093119673,43.28473772713927,44.28702683071112,55819200
2018-07-05,43.7234001159668,43.96159354939329,43.45926852886405,43.69038366757895,66416800
2018-07-06,44.3294792175293,44.43796025980042,43.676221537946965,43.728105027214696,69940800
2018-07-09,44.94501495361328,44.96859607423602,44.64314926086812,44.69031510063651,79026400
2018-07-10,44.890769958496094,45.11009271096756,44.8506752202268,44.97566990105466,63756400
2018-07-11,44.308258056640625,44.75633884056429,44.24458220679138,44.45447320956941,75326000
2018-07-12,45.0511360168457,45.14075362545193,44.64550334429064,44.69738684416554,72164400
2018-07-13,45.12188720703125,45.24216063196947,45.020477238201885,45.06292901075361,50055600
2018-07-16,45.022830963134766,45.43317764323029,44.907271620687844,45.16668908392699,60172400
2018-07-17,45.15018081665039,45.24923014322557,44.6195571109476,44.749265847601635,62138000
2018-07-18,44.90254592895508,45.23271387754126,44.79170426889305,45.2279962158199,65573600
2018-07-19,45.251583099365234,45.40959058866547,44.73510887097634,44.73510887097634,81147200
2018-07-20,45.1478157043457,45.381287790015705,44.84830714758862,45.22799796410062,82704800
2018-07-23,45.18791198730469,45.270454886685215,44.70445414490889,44.968585665291265,63957600
2018-07-24,45.515716552734375,45.67136701702628,45.29167618059886,45.386007832491124,74791600
2018-07-25,45.9449462890625,45.95202098494442,45.38130246130209,45.52987827186808,66839600
2018-07-26,45.801082611083984,46.21378994746489,45.65958151348729,45.89541427713352,76304000
2018-07-27,45.03934097290039,46.032198508380596,44.83181058429597,45.9850326745397,96096000
2018-07-30,44.78700256347656,45.327058027636596,44.58890389877771,45.25630747638057,84118000
2018-07-31,44.87662124633789,45.31291335911361,44.65258080944883,44.878981877356686,157492000
2018-08-01,47.520301818847656,47.58161704185553,46.53216196456808,46.96137932119036,271742800
2018-08-02,48.90936279296875,49.14283855349093,47.24910151371287,47.30334204851275,249616000
2018-08-03,49.050865173339844,49.22773977263983,48.45892254462788,48.82446410288577,133789600
2018-08-06,49.3055534362793,49.3480016028406,48.8338879490359,49.05321067331347,101701600
2018-08-07,48.84331512451172,49.40695518531018,48.76077223252612,49.36450702270394,102349600
2018-08-08,48.87635040283203,49.008416202101316,48.23252783213272,48.59335174746598,90102000
2018-08-09,49.26076126098633,49.473009362454604,48.864560246782695,49.414051156655276,93970400
2018-08-10,49.114013671875,49.48557133409341,48.910486075946345,49.07378193457011,98444800
2018-08-13,49.4311408996582,49.92339381288648,49.15424931305655,49.5352718097257,103563600
2018-08-14,49.639404296875,49.831098200524664,49.28677981496923,49.73643570353363,82992000
2018-08-15,49.75537109375,49.87370102571761,49.303349886959445,49.51397702141606,115230400
2018-08-16,50.48427963256836,50.60024064494456,50.04645747690956,50.11272194430814,114001600
2018-08-17,51.49245071411133,51.58001370324593,50.44641460805595,50.51267907731609,141708000
2018-08-20,50.99073028564453,51.87110156077517,50.90789789788546,51.61551211353429,121150800
2018-08-21,50.891334533691406,51.4001553976594,50.65230937590978,51.3078581970167,104639200
2018-08-22,50.89369583129883,51.20371962269942,50.60733585559325,50.668869720913406,76072400
2018-08-23,50.997833251953125,51.36702204650788,50.78720612628316,50.799036230072055,75532800
2018-08-24,51.15639114379883,51.33151711174363,50.90789759315165,51.26052204968089,73905600
2018-08-27,51.57765579223633,51.76698442201551,51.196633233845155,51.39069246128995,82100400
2018-08-28,51.994171142578125,52.192964560685056,51.80957673845841,51.83087525943924,91107200
2018-08-29,52.77043151855469,52.891130397047775,51.92555742482327,52.100683466332384,109019200
2018-08-30,53.25556182861328,54.019972076612355,52.63314531345547,52.83430761557534,195175200
2018-08-31,53.870880126953125,54.164336015200355,53.485123435107745,53.605818652582734,173360400
2018-09-04,54.04364013671875,54.23769932388201,53.634219632745676,54.05547385071295,109560400
2018-09-05,53.691017150878906,54.353665430113836,53.272131830936814,54.19273847104645,133332000
2018-09-06,52.798805236816406,53.804609432771265,52.372816855124746,53.539547989084156,137160000
2018-09-07,52.37282943725586,53.336033220872075,52.23320098200579,52.502993086702105,150479200
2018-09-10,51.66993713378906,52.50298068228619,51.229749739479225,52.28998468502147,158066000
2018-09-11,52.97629928588867,53.082795476899676,51.25104726917049,51.59420326738021,142996000
2018-09-12,52.318389892578125,53.248461282972364,52.02729570420869,53.234262271079686,197114800
2018-09-13,53.582157135009766,54.041277818620834,52.67338418396215,52.89821031768042,166825600
2018-09-14,52.973941802978516,53.68392137771475,52.66155266788886,53.42596299890154,127997200
2018-09-17,51.563453674316406,52.76331733842613,51.41909100904988,52.57398872003908,148780400
2018-09-18,51.64865493774414,52.50299727258675,51.38359340924579,51.54215509988807,126286800
2018-09-19,51.67941665649414,51.97524150544351,50.95287270526893,51.710183596350696,108495200
2018-09-20,52.072269439697266,52.60475413219068,51.864007604400776,52.12196959989954,106435200
2018-09-21,51.511375427246094,52.38701600738887,51.42380884143232,52.24975288340984,384986800
2018-09-24,52.25212860107422,52.36335902352826,51.267626333584346,51.31259228450954,110773600
2018-09-25,52.583465576171875,52.73256247389088,51.99418110479338,52.00601482243107,98217600
2018-09-26,52.1645622253418,52.95263993684514,52.008365862094074,52.30182536778894,95938800
2018-09-27,53.23662185668945,53.58924626246891,52.90293066844936,52.96919873540815,120724800
2018-09-28,53.42359161376953,53.44725543021233,53.016536415071876,53.198761885137,91717600
2018-10-01,53.78331756591797,54.294503721470214,53.56795984146107,53.946613444314615,94403200
2018-10-02,54.261375427246094,54.4317708248065,53.634228207852296,53.780956173640334,99152800
2018-10-03,54.921653747558594,55.25297609687015,54.37970066265418,54.44359983400097,114619200
2018-10-04,53.95608139038086,54.987918497825,53.657887663337085,54.61636079385546,128168000
2018-10-05,53.08043670654297,54.05547775401999,52.202430676368174,53.948981542667234,134322000
2018-10-08,52.95738220214844,53.201141588936295,52.11250469969764,52.588193368222875,118655600
2018-10-09,53.691017150878906,53.78568325427967,52.597649837383955,52.92660687302358,107564000
2018-10-10,51.2037353515625,53.56796901762654,51.130371361429916,53.35734185418573,167962400
2018-10-11,50.751705169677734,51.946838159353845,50.247622134232415,50.76827309287209,212497600
2018-10-12,52.564510345458984,52.74673940959206,51.3173121403392,52.16455469028346,161351600
2018-10-15,51.440391540527344,52.49826149053623,51.4190930180517,52.33969980464552,123164000
2018-10-16,52.573978424072266,52.77277542057539,51.29838211796035,51.811933502380235,116736000
2018-10-17,52.3467903137207,52.68994635769821,51.90896816755255,52.60948287919308,91541600
2018-10-18,51.123252868652344,52.003627645600474,50.40853923550798,51.55870604983427,130325200
2018-10-19,51.9018669128418,52.36335286065442,51.45694527539042,51.6060421243539,132314800
2018-10-22,52.2189826965332,52.86033233448202,51.81429646642238,52.0154551269289,115168400
2018-10-23,52.71124267578125,52.834306797919794,50.810864538749705,51.078291300952,155071200
2018-10-24,50.90317916870117,53.06625060137818,50.77301549598913,52.6804974037053,163702000
2018-10-25,52.01782989501953,52.391752849252924,51.29601671156717,51.52321173088781,119423200
2018-10-26,51.18951416015625,52.11012061429375,50.330437952442544,51.09484807587903,189033600
2018-10-29,50.228694915771484,51.9918103235721,48.7732344672493,51.8734803819594,183742000
2018-10-30,50.47954559326172,50.924463645690075,49.52580670807782,49.97072476050618,146640000
2018-10-31,51.795379638671875,52.17166796781139,51.265260226318844,51.32679410406147,153435600
2018-11-01,52.590553283691406,52.623685518956215,51.310222601060566,51.840341976440314,233292800
2018-11-02,49.102169036865234,50.562359413225884,48.61701577656882,49.592056503774636,365314800
2018-11-05,47.7082633972168,48.37091177031548,46.898887056991256,48.34961324821186,264654800
2018-11-06,48.22417449951172,48.449000615453585,47.73192162049639,47.786352370196695,127531600
2018-11-07,49.68674850463867,49.71278123977247,48.30938967512039,48.74484305268231,133697600
2018-11-08,49.51337814331055,49.90047723917868,49.100151860589314,49.86722939737878,101450400
2018-11-09,48.55867385864258,48.92440003499794,48.031455613431376,48.81515870418388,137463200
2018-11-12,46.11257553100586,47.46149553599907,46.02232984925231,47.25963133957427,204542000
2018-11-13,45.65186309814453,46.8274162794372,45.46662459072839,45.50937388984001,187531600
2018-11-14,44.362308502197266,46.186196076134955,44.15569357677625,46.04845400043511,243204000
2018-11-15,45.45711898803711,45.59011034254825,44.38605662645267,44.73991147050331,185915200
2018-11-16,45.9605827331543,46.30256253867102,44.994018333700204,45.241001735605465,147713200
2018-11-19,44.139060974121094,45.28849007543994,43.93244972157282,45.122250928346986,167701200
2018-11-20,42.03020095825195,43.09651261910129,41.68109683232495,42.36030580111065,271300800
2018-11-21,41.98271179199219,42.811537992827844,41.92809110860415,42.683293715968375,124496800
2018-11-23,40.91639709472656,41.93996319137456,40.87127786952604,41.54573618072765,94496000
2018-11-26,41.469749450683594,41.54812016214147,40.4343117117536,41.37950735388628,179994000
2018-11-27,41.37949752807617,41.505364622235895,40.58154566531735,40.73115914826122,165549600
2018-11-28,42.970645904541016,43.05376369196034,41.54335510075574,41.97082991406699,184250000
2018-11-29,42.640533447265625,43.41236152494973,42.201183707394755,43.379113691168406,167080000
2018-11-30,42.41018295288086,42.82578279276526,42.042079512806076,42.81628133855752,158126000
2018-12-03,43.8920783996582,43.920575504313824,43.03475547176542,43.806583461949664,163210000
2018-12-04,41.96132278442383,43.314989706776934,41.861579287381176,42.973009931921005,165377200
2018-12-06,41.49348831176758,41.50773686933884,40.4722994088251,40.790529273726726,172393600
2018-12-07,40.01395034790039,41.438863958560475,39.96882750376399,41.2013783567838,169126400
2018-12-10,40.27756118774414,40.39392681826417,38.788525387961656,39.185125924591716,248104000
2018-12-11,40.047203063964844,40.797654902921295,39.66010032633159,40.76678423507608,189126800
2018-12-12,40.1588134765625,40.8285209353053,40.13981419510096,40.46754183502088,142510800
2018-12-13,40.59816360473633,40.982892750447746,40.26568520596623,40.488922255315906,127594400
2018-12-14,39.29911422729492,40.15406379663115,39.251617834274576,40.135064514674504,162814800
2018-12-17,38.93339157104492,39.98070398320627,38.64603238784971,39.29199353840662,177151600
2018-12-18,39.439231872558594,39.78595878885459,39.04025421520292,39.275366243130854,135366000
2018-12-19,38.20906448364258,39.7669697026103,37.78158960679332,39.422616249277915,196189200
2018-12-20,37.24486541748047,38.498789039513056,36.88151275562685,38.09268708722474,259092000
2018-12-21,35.796207427978516,37.56072751526206,35.53497541336422,37.251995476406,382978400
2018-12-24,34.870018005371094,35.990950549802086,34.81302014550831,35.18349717525792,148676800
2018-12-26,37.32560729980469,37.33985585447229,34.843883771660536,35.219111414123994,234330000
2018-12-27,37.083377838134766,37.230621385586616,35.639468468150554,37.00975787628032,212468400
2018-12-28,37.10236358642578,37.64620748307345,36.70338963274231,37.403971226198976,169165600
2018-12-31,37.460975646972656,37.84570111622469,37.16174150533906,37.64858765548356,140014000
2019-01-02,37.503726959228516,37.724590460067255,36.6274044817337,36.784145853458895,148158800
2019-01-03,33.76808547973633,34.606409542440964,33.72296262600118,34.19318320289865,365248800
2019-01-04,35.209617614746094,35.27849047559891,34.1504337518255,34.32379724419946,234428400
2019-01-07,35.13124465942383,35.34498388334802,34.64914915949289,35.31410959435231,219111200
2019-01-08,35.80095672607422,36.055068075400506,35.27136481535477,35.51834826233486,164101200
2019-01-09,36.40892028808594,36.69865303809117,35.53497493470445,35.92919831490206,180396400
2019-01-10,36.52528381347656,36.56565592820539,35.82707561156554,36.21655182724987,143122800
2019-01-11,36.16667938232422,36.50153493832651,35.98144090958733,36.306798636311406,108092800
2019-01-14,35.622840881347656,35.924448615457706,35.43760239866407,35.824705095839064,129756800
2019-01-15,36.35192108154297,36.42791458616587,35.634713583499995,35.68696070331559,114843600
2019-01-16,36.7960205078125,37.01925755806657,36.33529785069117,36.354297134089684,122278800
2019-01-17,37.01451110839844,37.44198597490383,36.397047009696955,36.62028408574662,119284800
2019-01-18,37.242496490478516,37.49423066668109,37.04300581658366,37.40398497191301,135004000
2019-01-22,36.40654373168945,37.22111761208294,36.24505163700586,37.14512410332922,121576000
2019-01-23,36.55378723144531,36.84351998595546,36.02656885020508,36.60840791094517,92522400
2019-01-24,36.264041900634766,36.686765879715,36.03605780733446,36.59889738789528,101766000
2019-01-25,37.465728759765625,37.553600900151864,36.64878130027886,36.924261855530716,134142000
2019-01-28,37.118988037109375,37.126112312913,36.49202640019958,36.99786810096469,104768400
2019-01-29,36.7342643737793,37.55359244791163,36.598899490058756,37.107118439253085,166348800
2019-01-30,39.2444953918457,39.45823098230422,38.05231666544547,38.7695241919444,244439200
2019-01-31,39.527103424072266,40.13506597381766,39.080629341215584,39.44873274205534,162958400
2019-02-01,39.54610061645508,40.13031312607623,39.405981367304726,39.65059485362112,130672400
2019-02-04,40.66941452026367,40.766784499178435,39.72659627039081,39.757470562179186,125982000
2019-02-05,41.36524963378906,41.57898889745914,40.93065407418794,41.051770453647194,144406400
2019-02-06,41.37949752807617,41.69535385122478,41.049392646908444,41.476863882454516,112958400
2019-02-07,40.59578323364258,41.30823993167424,40.453290444539384,40.942510130722376,126966800
2019-02-08,40.64347839355469,40.70310440951638,40.168853996357676,40.30480305960627,95280000
2019-02-11,40.40974807739258,40.834288725227694,40.36681908607748,40.796127195647315,83973600
2019-02-12,40.75797653198242,40.78421213565277,40.474155993899046,40.56955984328428,89134000
2019-02-13,40.588626861572266,41.137187031192965,40.52661710438461,40.877218430046,89960800
2019-02-14,40.73649978637695,40.84620963108841,40.39782441124615,40.476531198600185,87342800
2019-02-15,40.6458854675293,40.95117055343982,40.48608808969217,40.84384439092656,98507200
2019-02-19,40.76750564575195,40.88914507060669,40.42406278544301,40.4765339806188,75891200
2019-02-20,41.02987289428711,41.33754531773805,40.781830153813196,40.82953026090992,104457600
2019-02-21,40.79851531982422,41.11095514343004,40.61725349372424,40.9750096836761,68998800
2019-02-22,41.25406265258789,41.26121748586465,40.874841931781916,40.922542033388446,75652800
2019-02-25,41.5545768737793,41.94572353268566,41.487796003181955,41.53788347577221,87493600
2019-02-26,41.57842254638672,41.809771827642344,41.30175690127716,41.430551160576144,68280800
2019-02-27,41.707210540771484,41.738217238147755,41.19681191554491,41.311296503110974,111341600
2019-02-28,41.29698181152344,41.7167513399161,41.24212688971162,41.57603479995883,112861600
2019-03-01,41.73107147216797,41.77400047236852,41.234982402793754,41.56650302616348,103544800
2019-03-04,41.94095230102539,42.39410868782575,41.4925633764932,41.902790767174956,109744800
2019-03-05,41.86464309692383,41.976740365178216,41.62852262222696,41.96243069506665,78949600
2019-03-06,41.62375259399414,41.855101951305556,41.485419725962615,41.65952676706904,83241600
2019-03-07,41.1419677734375,41.60466642807359,41.0274867951546,41.468717309443846,99185600
2019-03-08,41.239749908447266,41.27791144259841,40.42644995336146,40.62202508642293,95997600
2019-03-11,42.668399810791016,42.72087102579427,41.82171281447137,41.85510325681114,128044000
2019-03-12,43.14779281616211,43.56755887000828,42.7804943346723,42.93075313521677,129870400
2019-03-13,43.338592529296875,43.71781327039466,43.1501722048348,43.46738317445445,124130000
2019-03-14,43.82036590576172,43.908614914858006,43.54131649050845,43.8609111740343,94318000
2019-03-15,44.390384674072266,44.678976254213644,43.82274735566281,44.08748706861486,156171600
2019-03-18,44.843544006347656,44.931789362919865,44.311677218092875,44.31406458834656,104879200
2019-03-19,44.48817443847656,45.07489619113061,44.34268677569581,44.92225369569541,126585600
2019-03-20,44.876930236816406,45.19414111173891,44.05885931953551,44.416615452853335,124140800
2019-03-21,46.52975845336914,46.82550481228467,45.27045724650838,45.32054470282727,204136800
2019-03-22,45.56621551513672,47.14988281885893,45.501818379976086,46.58939664841029,169630800
2019-03-25,45.015281677246094,45.7880329159187,44.5048828613594,45.67593565660519,175381200
2019-03-26,44.5501823425293,46.002675178612826,44.02309028279383,45.71169986519132,199202000
2019-03-27,44.95088195800781,45.25855074113513,44.49295438071244,45.01766283557475,119393600
2019-03-28,45.010501861572266,45.210844466944145,44.72668135098658,45.065356795101245,83121600
2019-03-29,45.303871154785156,45.33487786473543,44.96757936609203,45.27525181592964,94256000
2019-04-01,45.61152648925781,45.716465238779,44.929404601308974,45.706926675834836,111448000
2019-04-02,46.27457046508789,46.37951286036313,45.56621293626409,45.575751499796354,91062800
2019-04-03,46.5917854309082,46.866063737526034,46.06707340893333,46.090925278762874,93087200
2019-04-04,46.67285919189453,46.83504020273979,46.064673122658675,46.45820335842613,76457200
2019-04-05,46.98530578613281,47.00915765087475,46.7301046626718,46.854127808619374,74106400
2019-04-08,47.72467803955078,47.755681101848495,46.82790017839874,46.84698094558115,103526800
2019-04-09,47.58156967163086,48.380559891254,47.51717254330135,47.7771447875635,143072800
2019-04-10,47.848697662353516,47.8773206328261,47.26674699962892,47.38599906529268,86781200
2019-04-11,47.450401306152344,47.939335555847514,47.32876549622773,47.90356138801222,83603200
2019-04-12,47.43131637573242,47.73421764754132,46.796898139641456,47.51002317734974,111042800
2019-04-15,47.51718521118164,47.66506027266798,47.22620982993786,47.36215895495653,70146400
2019-04-16,47.52194595336914,48.02757352365968,47.357377528133505,47.57203341989984,102785600
2019-04-17,48.44734191894531,48.50696794754076,47.36930230294008,47.59110938245884,115627200
2019-04-18,48.62145233154297,48.69061692830525,48.30185766916621,48.44495796431432,96783200
2019-04-22,48.78124237060547,48.879029923206865,48.25891781907729,48.3757861360363,77758000
2019-04-23,49.484840393066406,49.54923753304765,48.63099509296689,48.757402002269444,93292000
2019-04-24,49.408512115478516,49.723335647068595,49.38227651790569,49.456212209442604,70162400
2019-04-25,48.96012878417969,49.55161802291001,48.921967248962424,49.329810923117755,74172800
2019-04-26,48.72639846801758,48.893350644801465,48.20645752970833,48.869498774138975,74596400
2019-04-29,48.80033874511719,49.124704564386754,48.621460616239524,48.75025126774611,88818800
2019-04-30,47.86062240600586,48.51173764933064,47.48855655267741,48.43064712012503,186139600
2019-05-01,50.20988082885742,51.352313790983374,49.90220852221569,50.05723836052837,259309200
2019-05-02,49.88313674926758,50.71790119448601,49.63986515980281,50.04770517932468,127985200
2019-05-03,50.503257751464844,50.524722253231914,50.140730395831206,50.298144020692696,83569600
2019-05-06,49.723331451416016,49.809193069019926,48.53558210729825,48.72399873630715,129772400
2019-05-07,48.38294982910156,49.47052812168986,47.898786717614094,49.103233348565844,155054800
2019-05-08,48.392486572265625,48.97443723236416,48.11820827819037,48.153982442014374,105358000
2019-05-09,47.8725471496582,48.10150906634315,46.90422100692585,47.79622408457386,139634400
2019-05-10,47.2093505859375,47.60918957732427,46.15349960538394,47.266813330080936,164834800
2019-05-13,44.46556854248047,45.36579626358833,43.77842680351272,44.94202086357993,229722400
2019-05-14,45.169464111328125,45.4184619831724,44.39134073852921,44.63076331477503,146118800
2019-05-15,45.71055221557617,45.90927336789819,44.537383197089945,44.597238833814714,106178800
2019-05-16,45.50944519042969,46.08166501987308,45.21255987117796,45.468743789558665,132125600
2019-05-17,45.25086212158203,45.70576350698765,44.714554292361115,44.75525568761966,131516400
2019-05-20,43.835872650146484,44.13754739332549,43.16309588686329,43.93882624365462,154449200
2019-05-21,44.676265716552734,45.011455948466185,44.221360512327884,44.3458613070241,113459200
2019-05-22,43.761661529541016,44.46317163112691,43.70659535573083,44.21177717624734,118994400
2019-05-23,43.014671325683594,43.22536075947972,42.57173799121202,43.048190348330664,146118800
2019-05-24,42.84946060180664,43.608429762680224,42.76566123520502,43.14394936030299,94858800
2019-05-28,42.67229080200195,43.23732830832482,42.595677466437365,42.83749298760257,111792800
2019-05-29,42.468780517578125,42.94044331585505,42.138376171721504,42.23893322191725,113924800
2019-05-30,42.68906021118164,42.91172152723815,42.29880011361617,42.60526082042716,84873600
2019-05-31,41.91572189331055,42.61483553961218,41.896567644374954,42.193449369628034,108174400
2019-06-03,41.491939544677734,42.59807084717863,40.766489319881806,42.042612284986966,161584400
2019-06-04,43.00988006591797,43.055370949044665,41.78403739904803,42.00430577492002,123872000
2019-06-05,43.704200744628906,44.290789049992995,43.36901055867717,44.12079739285381,119093600
2019-06-06,44.345855712890625,44.4057113648459,43.61082655329625,43.8334914782854,90105200
2019-06-07,45.52621841430664,45.94999755545234,44.47754962295111,44.65472005742901,122737600
2019-06-10,46.108001708984375,46.77598911152849,45.878154420674264,45.923645296205336,104883600
2019-06-11,46.641910552978516,46.92682399749105,46.3522112874126,46.65388241220901,107731600
2019-06-12,46.49348449707031,46.91965651730608,46.30194564843296,46.4360217464892,73012800
2019-06-13,46.4838981628418,47.11597370565027,46.352218650285145,46.61558132869754,86698400
2019-06-14,46.14630126953125,46.349808234765234,45.56210969253392,45.861387864905666,75046000
2019-06-17,46.42164993286133,46.677833880392626,46.00984274939172,46.18462023261922,58676400
2019-06-18,47.513404846191406,47.953941466307896,46.737678113659804,46.938792181108866,106204000
2019-06-19,47.37453842163086,47.85578008140378,47.240462379227836,47.807892649147135,84496800
2019-06-20,47.755226135253906,48.03056062202927,47.41284996964704,47.973097891587294,86056000
2019-06-21,47.59243392944336,48.08804056701421,47.44159649134794,47.59722340535266,191202400
2019-06-24,47.54454803466797,47.92283624223558,47.44638387600242,47.53496908327158,72881600
2019-06-25,46.823883056640625,47.707349446417524,46.75684136270738,47.50862823550264,84281200
2019-06-26,47.83663558959961,48.12154906442843,47.25005095787499,47.350608010173595,104270000
2019-06-27,47.822269439697266,48.26041321777397,47.7815680377949,47.953948941552476,83598800
2019-06-28,47.38652801513672,47.76481622109825,47.178231489393795,47.568487904600694,124442400
2019-07-01,48.25563430786133,48.95953746106687,48.04015173771496,48.64349781950536,109012000
2019-07-02,48.538150787353516,48.633922035339324,48.21014293958858,48.22211480224925,67740800
2019-07-03,48.94038391113281,48.94756629824377,48.5285766680393,48.669835152287746,45448000
2019-07-05,48.897274017333984,49.100784678008225,48.578841537594826,48.68658462459811,69062000
2019-07-08,47.889305114746094,48.21970578842082,47.50383461771007,48.07844734407372,101354400
2019-07-09,48.18141555786133,48.246057043195734,47.59961661675362,47.69299130442526,82312000
2019-07-10,48.65785598754883,48.777567292500045,48.25802066740765,48.32745527012685,71588400
2019-07-11,48.30350875854492,48.93558426605638,48.29393346215335,48.677007423897294,80767200
2019-07-12,48.67461395263672,48.84220903730102,48.41124763866507,48.47110328699509,70380800
2019-07-15,49.13191604614258,49.28993219429551,48.84221307681378,48.863760235202925,67789600
2019-07-16,48.96192932128906,49.34739991342239,48.72250668402115,48.98347648185129,67467200
2019-07-17,48.68659973144531,49.1031928248063,48.66744548010804,48.854194864021565,56430000
2019-07-18,49.239646911621094,49.29232016959373,48.770377064219026,48.842204566299756,74162400
2019-07-19,48.50461959838867,49.44076276284486,48.44955342792026,49.27077112361806,83717200
2019-07-22,49.61314392089844,49.615536831346986,48.74882832018021,48.75840361527281,89111600
2019-07-23,50.00101852416992,50.017779860965895,49.62991273666517,49.91004041383206,73420800
2019-07-24,49.96031951904297,50.075241357956344,49.601185575801686,49.72089689021544,59966400
2019-07-25,49.565269470214844,50.09678795373076,49.49583486785246,50.0129885793759,55638400
2019-07-26,49.73765182495117,50.214100456871776,49.59399680482801,49.67539961135831,70475600
2019-07-29,50.202117919921875,50.43196517257796,49.905236299643015,49.91002577350826,86693600
2019-07-30,49.98664855957031,50.317052906207756,49.634697056404036,49.98185908479763,135742800
2019-07-31,51.006591796875,53.00098259885539,50.58999878893159,51.81584139677293,277125600
2019-08-01,49.902854919433594,52.20131353212769,49.4982337605151,51.21249694274107,216071600
2019-08-02,48.84699249267578,49.4239980949657,48.27477271128733,49.20851924885061,163448400
2019-08-05,46.28995895385742,47.56129222006281,46.10799911526764,47.40327609986838,209572000
2019-08-06,47.1662483215332,47.42243223605077,46.45755587635723,47.001046156589894,143299200
2019-08-07,47.65468215942383,47.77918295906988,46.40489930028725,46.785580433088036,133457600
2019-08-08,48.70573425292969,48.72967797252302,47.73846862611717,47.932400333607646,108038000
2019-08-09,48.30438232421875,48.729767784636486,47.89581454791173,48.37888473817284,98478800
2019-08-12,48.181827545166016,48.55915108742587,47.862185085946685,47.975141581579855,89927600
2019-08-13,50.22224426269531,50.98409726275787,48.18182158394449,48.311603087933506,188874000
2019-08-14,48.72737503051758,49.6142018262065,48.688920981443054,48.82591215607856,146189600
2019-08-15,48.48463439941406,49.301762666206294,47.98714483073128,48.89800620511257,108909600
2019-08-16,49.62861633300781,49.787236519570556,48.98933158147647,49.0950783725183,110481600
2019-08-19,50.55390167236328,51.125890062869516,50.47699357474702,50.61878875414958,97654400
2019-08-20,50.55629348754883,51.27488825272847,50.54668181087362,50.68126728740163,107537200
2019-08-21,51.104248046875,51.346982292320256,50.854304127508136,51.1883657988658,86141600
2019-08-22,51.060997009277344,51.536853889289645,50.65002720346251,51.23643854407338,89014800
2019-08-23,48.70094299316406,50.96247108877293,48.306798120361755,50.33279789322292,187272000
2019-08-26,49.626216888427734,49.79444876140259,49.282539799826424,49.47480636916046,104174400
2019-08-27,49.06623458862305,50.121293052732874,48.91482409284731,49.95546320825073,103493200
2019-08-28,49.395503997802734,49.441167727719616,48.8643715966799,49.05183052262682,63755200
2019-08-29,50.231849670410156,50.306355759343454,49.667070999812736,50.109281524994124,83962000
2019-08-30,50.166954040527344,50.57792012503005,49.79684033035191,50.50822538767908,84573600
2019-09-03,49.43634796142578,49.74397297835489,49.08065722319765,49.611789494397975,80092000
2019-09-04,50.27510452270508,50.34479926242044,49.825684383710225,50.08283798713356,76752400
2019-09-05,51.2580680847168,51.42389794369397,50.83267892479877,50.950443061493466,95654800
2019-09-06,51.253265380859375,51.53205173117485,51.07301615444194,51.44312995297315,77449200
2019-09-09,51.47195816040039,52.017513401260366,50.72693037676321,51.6329803297721,109237600
2019-09-10,52.08000183105469,52.09922885258903,50.88074615868259,51.397459068892765,127111600
2019-09-11,53.735897064208984,53.764739433347756,52.32754966606249,52.40926543357923,177158400
2019-09-12,53.61572265625,54.41602951693154,53.56044726361797,54.02669243174888,128906800
2019-09-13,52.57268524169922,53.062961469937115,52.156911432083696,52.8731005859375,159053200
2019-09-16,52.84906005859375,52.904339116201704,52.28668347637208,52.327539518617684,84632400
2019-09-17,53.04133605957031,53.07017842826459,52.661610598516674,52.86349251065767,73274800
2019-09-18,53.538822174072266,53.55804919622197,52.73851525459077,53.12785236837871,101360000
2019-09-19,53.10381317138672,53.7767405072033,52.962014363244926,53.35615908872847,88242400
2019-09-20,52.32754898071289,53.48835439269536,52.26506390489358,53.20476404800031,221652400
2019-09-23,52.56547546386719,52.8346464382801,52.308318169456676,52.62075086028852,76662000
2019-09-24,52.31552505493164,53.47152631609086,52.197764593494576,53.12063959985759,124763200
2019-09-25,53.12065124511719,53.23360772644387,52.18575868726323,52.524628131243276,87613600
2019-09-26,52.84666061401367,53.09901022097145,52.59190900463546,52.87309730935552,75334000
2019-09-27,52.58951950073242,53.103830513741045,52.219405677984646,53.002887713224276,101408000
2019-09-30,53.82722091674805,53.973823753885995,53.06296236123528,53.08939905865949,103909600
2019-10-01,53.976234436035156,54.84864192414011,53.882504978673644,54.091596589080204,139223200
2019-10-02,52.62316131591797,53.73349535353158,52.375615676431906,53.60852153239703,138449200
2019-10-03,53.070186614990234,53.103832994340806,51.70269507713419,52.49578882856634,114426000
2019-10-04,54.557830810546875,54.6731929479549,53.80799525329293,54.22857675291312,138478800
2019-10-07,54.56984329223633,55.25959571661038,54.276637636700606,54.37998241718254,122306000
2019-10-08,53.93054962158203,54.810166441917666,53.91372827282783,54.271824606923914,111820000
2019-10-09,54.562644958496094,54.745296196966166,54.22858318869605,54.562644958496094,74770400
2019-10-10,55.298057556152344,55.38217532730824,54.627532058419334,54.77893891244817,113013600
2019-10-11,56.768890380859375,57.11256378651316,55.83159227355159,55.98540478852595,166795600
2019-10-14,56.687171936035156,57.230325218831695,56.3987739424967,56.45404933835654,96427600
2019-10-15,56.55500030517578,57.11497135397821,56.44925350323164,56.81215396701269,87360000
2019-10-16,56.32668685913086,56.535778479358626,56.04549847383867,56.08635452976861,73903200
2019-10-17,56.54537582397461,56.754463724015515,56.12239235171388,56.49971210622329,67585200
2019-10-18,56.816959381103516,57.09814772935947,56.30745241628178,56.37955283902993,97433600
2019-10-21,57.802310943603516,57.917673069593235,57.035654109180335,57.08371982808641,87247200
2019-10-22,57.67013168334961,58.20847360771811,57.588415926532825,57.9585296667155,82293600
2019-10-23,58.444007873535156,58.458430892193235,57.97295861174259,58.1844522125686,75828800
2019-10-24,58.540138244628906,58.8333439248231,58.11474907464559,58.763645508761726,69275200
2019-10-25,59.261131286621094,59.29717966007289,58.371902625409106,58.4391953673054,73477200
2019-10-28,59.854759216308594,59.90282494220439,59.29478452503203,59.46301639925722,96572800
2019-10-29,58.47043228149414,60.022980251097366,58.297396432953455,59.835521386930736,142839600
2019-10-30,58.463233947753906,58.95351389312253,57.97055566675113,58.82373239756854,124522000
2019-10-31,59.78505325317383,59.883590362494004,57.02123219032763,59.4197508487146,139162000
2019-11-01,61.481807708740234,61.508240739941634,59.881193789695324,59.972517565501164,151125200
2019-11-04,61.88555908203125,61.96967684280091,61.37605584677562,61.844699369305836,103272000
2019-11-05,61.796634674072266,62.051386280807854,61.601966131837685,61.7774039861912,79897600
2019-11-06,61.82308578491211,61.88316886698713,61.37366550448869,61.710129297236655,75864400
2019-11-07,62.536598205566406,62.75837098318758,62.21840535973675,62.370270461445436,94940400
2019-11-08,62.70773696899414,62.78005016402804,61.914667933692066,62.35820602811514,69986400
2019-11-11,63.20430374145508,63.26938561343264,62.259369691789686,62.26418811906959,81821200
2019-11-12,63.14645004272461,63.34652881203322,62.89575939265847,63.047617104065104,87388800
2019-11-13,63.751502990722656,63.82622908514769,62.93192148786903,62.946384128313966,102734400
2019-11-14,63.31037521362305,63.850333385659255,63.180204098443475,63.57794140753723,89182800
2019-11-15,64.0624771118164,64.06729554078912,63.399578987253335,63.56108095621039,100206400
2019-11-18,64.38546752929688,64.46501204164511,63.69364434245913,64.07209319455887,86703200
2019-11-19,64.19023895263672,64.60243902243361,63.973291934658384,64.57833216346258,76167200
2019-11-20,63.442962646484375,64.13960443972219,62.77042035286797,64.0094406588,106234400
2019-11-21,63.15850067138672,63.64060821168935,62.958421922589864,63.563469239710386,121395200
2019-11-22,63.103065490722656,63.44053935025517,62.87647432295545,63.298318486465696,65325200
2019-11-25,64.20950317382812,64.22637870631682,63.2814445198713,63.327245332981434,84020400
2019-11-26,63.70810317993164,64.39992632549185,63.27661487017414,64.34689420163127,105207600
2019-11-27,64.56385803222656,64.59760910005717,63.95399212630652,64.01907401320656,65235600
2019-11-29,64.42163848876953,64.6024288680645,64.09621433476273,64.26495496465644,46617600
2019-12-02,63.67680358886719,64.66271322649793,63.505657367607235,64.42647773957248,94487200
2019-12-03,62.54142761230469,62.560708684511056,61.77969652350162,62.26662267779835,114430400
2019-12-04,63.09343719482422,63.47189353394653,62.83792068269356,62.93193522248252,67181600
2019-12-05,64.01905822753906,64.09379166553936,63.33206085496577,63.58757726755583,74424400
2019-12-06,65.25567626953125,65.32558393574297,64.43368187672564,64.4770771543204,106075600
2019-12-09,64.34210205078125,65.2773848846026,63.8575814192928,65.08454473165352,128042400
2019-12-10,64.71815490722656,65.10142973249006,64.08658749828341,64.74708019873606,90420400
2019-12-11,65.2701416015625,65.34969348345126,64.7229520666511,64.79767816395331,78756800
2019-12-12,65.43647003173828,65.70163071358168,64.4385110100101,64.54939371100679,137310400
2019-12-13,66.32597351074219,66.36213012141157,65.3087258444204,65.43648410637257,133587600
2019-12-16,67.4613265991211,67.6855122693703,66.7670976938844,66.77191612256408,128186000
2019-12-17,67.59390258789062,67.9217322522176,67.20580211215017,67.39141826173947,114158400
2019-12-18,67.43238830566406,67.95306540143068,67.28293612524905,67.44685094529272,116028400
2019-12-19,67.49988555908203,67.77950886281938,67.24196357196422,67.3745402255633,98369200
2019-12-20,67.36007690429688,68.13385757058333,67.14794837558046,68.03261909048223,275978000
2019-12-23,68.45925903320312,68.51952246545066,67.58423281994871,67.62280229935226,98572000
2019-12-24,68.52436828613281,68.6738278372129,68.19895150700309,68.62561412958978,48478800
2019-12-26,69.88392639160156,69.90080192756368,68.62803782360339,68.65696311017838,93121200
2019-12-27,69.85739135742188,70.86258898425908,69.45242272121374,70.17558415289048,146266000
2019-12-30,70.27201080322266,70.55404702486167,68.75337459667797,69.7754404953618,144114400
2019-12-31,70.78543853759766,70.79266985648837,69.7898852841712,69.88871821326251,100805600
2020-01-02,72.4005126953125,72.46077614730521,71.15667416341765,71.40977771923563,135480400
2020-01-03,71.6966323852539,72.45595040957373,71.47245410922795,71.6291376132339,146322800
2020-01-06,72.26795196533203,72.3065214697964,70.56852501428666,70.81922311511464,118387200
2020-01-07,71.92803955078125,72.5330795245145,71.70867973246871,72.27756311117845,108872000
2020-01-08,73.08511352539062,73.38643082203993,71.63155918060959,71.63155918060959,132079200
2020-01-09,74.63748931884766,74.83032941641996,73.81067654984861,74.06136720541696,170108400
2020-01-10,74.80622100830078,75.37029336253585,74.30483235122053,74.87131024106992,140644800
2020-01-13,76.4044189453125,76.4309386915993,75.00389679896787,75.12201817653433,121532000
2020-01-14,75.37271881103516,76.55147571173875,75.24978634537415,76.3417600315841,161954400
2020-01-15,75.04967498779297,76.052459488537,74.6181867077714,75.17261475653767,121923600
2020-01-16,75.98980712890625,76.10069718746519,75.23048903454546,75.5920697800867,108829200
2020-01-17,76.8310775756836,76.83348311126043,75.9319442855303,76.2380799522902,137816400
2020-01-21,76.3104248046875,76.90100236781842,76.1730223343127,76.45987702591754,110843200
2020-01-22,76.58280944824219,77.13481745633268,76.48879491769239,76.79493065234263,101832400
2020-01-23,76.95162200927734,77.03116654175618,76.0886451198764,76.6358420591075,104472000
2020-01-24,76.72984313964844,77.93993070377184,76.53940855639385,77.19748815287878,146537600
2020-01-27,74.47358703613281,75.15335327614349,73.49249613883003,74.74115326828117,161940000
2020-01-28,76.58039093017578,76.7515370876536,75.25459488094803,75.35342783283777,162234000
2020-01-29,78.18342590332031,79.02952749895819,77.46990837475295,78.20994565928709,216229200
2020-01-30,78.0700912475586,78.12312337660362,76.83589699674123,77.26738534868132,126743200
2020-01-31,74.60857391357422,77.78324876217432,74.31448794421121,77.361404556077,199588400
2020-02-03,74.4036865234375,75.56797344941275,72.8512990512171,73.3526878513845,173788400
2020-02-04,76.86001586914062,77.050450456367,75.60171457078681,76.00668324335653,136616400
2020-02-05,77.48677062988281,78.28465836318001,76.88413594573808,77.98574655750554,118826800
2020-02-06,78.39311981201172,78.39553270453209,77.19990767879175,77.75674147890366,105425600
2020-02-07,77.32755279541016,78.14183107037995,76.8370524098855,77.89295663582978,117684000
2020-02-10,77.69481658935547,77.69481658935547,75.83430131081457,75.914034625019,109348800
2020-02-11,77.2260513305664,78.26262851927434,77.00858949259958,78.19014369789785,94323200
2020-02-12,79.06001281738281,79.06484268174145,77.67549348632544,77.67549348632544,113730400
2020-02-13,78.49700927734375,78.82320573508036,78.12974054369347,78.3327054260137,94747600
2020-02-14,78.5163345336914,78.76520890109116,78.00891869878639,78.46558778851511,80113600
2020-02-18,77.07867431640625,77.25989377012822,76.0179329078446,76.19915236156656,152531200
2020-02-19,78.19495391845703,78.42450141821482,77.32026954899767,77.32026954899767,93984000
2020-02-20,77.39276123046875,78.44383521283203,76.88776405995536,77.95575362250639,100566000
2020-02-21,75.64099884033203,77.42903672549149,75.02485563249914,76.98685711850104,129554000
2020-02-24,72.04801940917969,73.49777501677713,69.8854717188165,71.82572767869755,222195200
2020-02-25,69.60758209228516,73.0990790994302,69.13641603822464,72.71731344350151,230673600
2020-02-26,70.71182250976562,71.97552869907848,69.22582460812832,69.23307309062069,198054800
2020-02-27,66.0895004272461,69.10499371673924,65.95419053994536,67.9210285159399,320605600
2020-02-28,66.05085754394531,67.27107285671417,61.94563554811998,62.1606861550344,426510000
2020-03-02,72.20024871826172,72.83572613943491,67.10435837488609,68.20617210459764,341397200
2020-03-03,69.90721893310547,73.45428597286327,69.05669090258408,73.37455265692115,319475600
2020-03-04,73.14983367919922,73.30930768219956,70.82781196815235,71.62759322830975,219178400
2020-03-05,70.77708435058594,72.37905838233362,70.41222676608287,71.40530599103305,187572800
2020-03-06,69.83714294433594,70.26965542799252,67.95246362121284,68.13851293457299,226176800
2020-03-09,64.3135757446289,67.19375264320037,63.54761831737935,63.72883776125021,286744800
2020-03-10,68.9455337524414,69.21132371848606,65.0867678159455,66.96420578722295,285290000
2020-03-11,66.55103302001953,67.95004932218703,65.68842661681832,67.02462518678024,255598800
2020-03-12,59.97880172729492,65.23899909398826,59.92322879744106,61.8417392125565,418474000
2020-03-13,67.16474151611328,67.63591489908035,61.119261384040925,64.00427846865324,370732000
2020-03-16,58.524208068847656,62.60043194062402,57.99021323308223,58.46138297821733,322423600
2020-03-17,61.097530364990234,62.245249799692694,57.60361793460999,59.80483021639644,324056000
2020-03-18,59.60186767578125,60.406482464640554,57.29433930824816,57.93465023452481,300233600
2020-03-19,59.14519500732422,61.09269941838276,58.62086718026377,59.77583883377371,271857200
2020-03-20,55.39033508300781,60.8486645049943,55.090717572428154,59.7251016055102,401693200
2020-03-23,54.21360397338867,55.21152015646839,51.372084613414366,55.1100377172106,336752800
2020-03-24,59.652610778808594,59.848327192203485,56.61295613694801,57.110704962845915,287531200
2020-03-25,59.32399368286133,62.399890444761496,59.02920978154729,60.587696143364745,303602000
2020-03-26,62.445796966552734,62.50378482179249,59.526955709117544,59.5656167372231,252087200
2020-03-27,59.86040496826172,61.82482113234886,59.69368249851185,61.07094946417779,204216800
2020-03-30,61.568695068359375,61.740251079824446,60.26149806281595,60.585279571290975,167976400
2020-03-31,61.443058013916016,63.42438996368667,60.88973623938196,61.75959108899796,197002000
2020-04-01,58.21010208129883,60.09719995282628,57.78000823267317,59.56079010801558,176218400
2020-04-02,59.18143081665039,59.234588810411715,57.24117510511811,58.072368803656616,165934000
2020-04-03,58.33091354370117,59.3674871060243,57.741345715951596,58.66677342106095,129880000
2020-04-06,63.4195442199707,63.57418094682844,60.256662375458305,60.62393105385243,201820400
2020-04-07,62.68501663208008,65.64977167238716,62.581119246295906,65.43230242458398,202887200
2020-04-08,64.28941345214844,64.60352421399418,63.1199448269442,63.484794969799864,168895200
2020-04-09,64.75334167480469,65.25592782434815,63.958397538567084,64.92490142355433,161834800
2020-04-13,66.02427673339844,66.13301133720609,64.23140932290158,64.83064420547504,131022800
2020-04-14,69.35871887207031,69.64867293181604,67.1840855454915,67.6552590491188,194994800
2020-04-15,68.72565460205078,69.18474234820361,67.80747910974512,68.23515430833677,131154400
2020-04-16,69.27172088623047,69.63657830758835,68.22306550095219,69.43844332553729,157125200
2020-04-17,68.331787109375,69.33454028123167,66.89652897721241,68.78846350317025,215250000
2020-04-20,66.91346740722656,68.06119058127958,66.89414057720502,67.15993057649021,130015200
2020-04-21,64.84513092041016,66.99076973874533,64.13475030153334,66.75639235940385,180991600
2020-04-22,66.71294403076172,67.14786790701602,65.77060404965022,66.11129024087298,116862400
2020-04-23,66.45438385009766,68.07811050746528,66.41572281375096,66.65734876053877,124814400
2020-04-24,68.37286376953125,68.3825308677387,66.93035721969842,66.97868533690023,126161200
2020-04-27,68.42121887207031,68.7522452213369,67.64318307081028,68.09018514896542,117087600
2020-04-28,67.31214141845703,69.06392923095741,67.22032976851494,68.88270980207805,112004800
2020-04-29,69.52301788330078,69.991772685642,68.59517537860054,68.79814023520653,137280800
2020-04-30,70.98968505859375,71.16607461666706,69.67282835408629,70.06184250590752,183064000
2020-05-01,69.8468017578125,72.24614521202258,69.06876605288338,69.16541493960355,240616800
2020-05-04,70.83506774902344,70.96312921364829,69.18234705743826,69.87098252239187,133568000
2020-05-05,71.89820861816406,72.7294023781066,71.14916678667844,71.29414381435919,147751200
2020-05-06,72.64000701904297,73.27064717863384,72.21474300795924,72.59892736503848,142333600
2020-05-07,73.39146423339844,73.7369949485584,72.9637889533335,73.2658213930559,115215200
2020-05-08,75.13831329345703,75.19161520035372,73.72339868487255,74.05047823202041,133838400
2020-05-11,76.32061767578125,76.81486350373997,74.4380975285037,74.64646215282984,145946400
2020-05-12,75.44840240478516,77.45448015586908,75.3272624261115,77.00383559042835,162301200
2020-05-13,74.53742980957031,76.54835795686193,73.46170617265714,75.6276896528906,200622400
2020-05-14,74.99536895751953,75.05593897018935,73.0547033855626,73.7767005983549,158929200
2020-05-15,74.55197143554688,74.59800522378177,72.73487156458532,72.7687943111998,166348400
2020-05-18,76.30850982666016,76.68162311206635,75.18433442581173,75.8748339325949,135178400
2020-05-19,75.8675765991211,77.17103702628488,75.83607901036319,76.32548203793918,101729600
2020-05-20,77.34303283691406,77.41328870045753,76.68644883413718,76.7252145142633,111504800
2020-05-21,76.76642608642578,77.74523944094076,76.52898900422082,77.204952332668,102688800
2020-05-22,77.26068115234375,77.3430554740474,76.40300778879455,76.5047612593345,81803200
2020-05-26,76.73734283447266,78.55686050645615,76.68161577577496,78.37757568234818,125522000
2020-05-27,77.07168579101562,77.21705526702166,75.85544287582236,76.59440129810365,112945200
2020-05-28,77.1056137084961,78.36304756047794,76.47084126097369,76.74703662948228,133560800
2020-05-29,77.03050994873047,77.8082267406315,76.67435802451047,77.34789618259597,153532400
2020-06-01,77.97781372070312,78.09895371175787,76.85363105469186,76.9844643152945,80791200
2020-06-02,78.33881378173828,78.36304326033381,77.27035810172477,77.71130947324757,87642800
2020-06-03,78.77005767822266,79.03172416978924,78.08682643155123,78.65861096933926,104491200
2020-06-04,78.09168243408203,78.89120338502829,77.71856920653472,78.59320375117642,87560400
2020-06-05,80.31581115722656,80.3763811505578,78.31215843959637,78.34123085338769,137250400
2020-06-08,80.79068756103516,80.82461031040765,79.30309219050388,80.01297082329648,95654400
2020-06-09,83.34187316894531,83.73436548390762,80.43936425549487,80.47086183031477,147712400
2020-06-10,85.486083984375,85.95368266276594,83.85069379935202,84.2892200574616,166651600
2020-06-11,81.38185119628906,85.05481691401155,81.28009773597238,84.63082691049463,201662400
2020-06-12,82.08443450927734,84.26495380444017,80.97479572123159,83.51873489892154,200146000
2020-06-15,83.09959411621094,83.75132774522946,80.57745905775505,80.73978987055543,138808800
2020-06-16,85.30193328857422,85.57329308072946,83.51875616005826,85.15172088189794,165428800
2020-06-17,85.18321990966797,86.10630607045023,85.06207991592963,86.04573607358105,114406400
2020-06-18,85.2171401977539,85.63386205994001,84.60901508072114,85.13960882948713,96820400
2020-06-19,84.73017120361328,86.38736569840516,83.62294970746999,85.92219218783181,264476000
2020-06-22,86.94702911376953,87.08997343752344,85.07662707395669,85.12266086900618,135445200
2020-06-23,88.80288696289062,90.22022642343374,87.77077181014047,88.18991886652088,212155600
2020-06-24,87.23533630371094,89.3504433677871,86.86222303304002,88.43220009652119,192623200
2020-06-25,88.3934326171875,88.43219830369976,86.63205971274161,87.39039728120305,137522400
2020-06-26,85.6774673461914,88.50972079929527,85.52967271907464,88.28924513838203,205256800
2020-06-29,87.65206909179688,87.74656185266537,85.10812877290344,85.58542072848591,130646000
2020-06-30,88.38372802734375,88.66962400453063,87.22078715611465,87.24016629998945,140223200
2020-07-01,88.21656799316406,89.00397799978875,88.16811642903573,88.46127316123845,110737200
2020-07-02,88.21656799316406,89.75747265090347,88.10270349025298,89.12270022857078,114041600
2020-07-06,90.57636260986328,91.04396114826625,89.61208572768216,89.64358330482388,118655600
2020-07-07,90.2953109741211,91.73202923655452,90.18386427254704,90.95431270334508,112424400
2020-07-08,92.3983154296875,92.42981301031341,91.18449035546323,91.27171499364255,117092000
2020-07-09,92.79566192626953,93.34320967936996,91.74901058829923,93.28990778547893,125642800
2020-07-10,92.9579849243164,93.01613714978424,91.78050772022172,92.39105063414506,90257200
2020-07-13,92.52914428710938,96.8683794397454,92.31593673037001,94.26144459491981,191649200
2020-07-14,94.06035614013672,94.25175199437801,90.97855460222202,91.91132657887599,170989200
2020-07-15,94.70723724365234,96.18272134953932,93.51037361994408,95.93317328027695,153198000
2020-07-16,93.54190063476562,94.39714888824498,92.94346863459394,93.58066632878567,110577600
2020-07-17,93.35292053222656,94.14759875840713,92.88047150221618,93.99254337939139,92186800
2020-07-20,95.32020568847656,95.45830704424495,93.09607736485056,93.44011817142827,90318000
2020-07-21,94.004638671875,96.18515864106797,93.75509057115264,96.110052433633,103433200
2020-07-22,94.26871490478516,94.94952104533722,93.61940634409747,93.7066235863698,89001600
2020-07-23,89.97795104980469,94.07974983333283,89.168736705882,94.00221845583387,197004400
2020-07-24,89.75504302978516,90.09908386887433,86.39219558540321,88.17780532258647,185438800
2020-07-27,91.88227081298828,91.97433840198715,90.59334674840196,90.81624022237884,121214000
2020-07-28,90.37285614013672,91.63028980605597,90.3680058085899,91.45342276195278,103625600
2020-07-29,92.10516357421875,92.28929873601002,90.81865739523712,90.85499791564365,90329200
2020-07-30,93.21965789794922,93.32383652649061,90.87196403764284,91.27899267505967,158130000
2020-07-31,102.97869110107422,103.12890351490226,97.7115189842411,99.7079111699714,374336800
2020-08-03,105.57350158691406,108.19012242087766,104.56077304212948,104.85877268635082,308151200
2020-08-04,106.27855682373047,107.36881693797415,105.04050204922461,105.76249918664718,173071600
2020-08-05,106.66377258300781,106.98358396526419,105.53474686841106,105.99992773294753,121776800
2020-08-06,110.38518524169922,110.87943850296628,106.40695185464003,106.99569046941184,202428800
2020-08-07,107.87550354003906,110.363351174005,107.07939259345517,109.90704232526846,198045600
2020-08-10,109.44343566894531,110.46041967667294,106.79539443179243,109.31964772784534,212403600
2020-08-11,106.1885986328125,109.20556664025784,105.92888988244533,108.70800016951561,187902400
2020-08-12,109.71770477294922,109.97498398938008,107.08422600127558,107.2783964791796,165598000
2020-08-13,111.65945434570312,112.66187605488997,110.60848630688241,111.096349513322,210082000
2020-08-14,111.5599365234375,111.64974056440289,109.75169319709691,111.48469489954057,165565200
2020-08-17,111.26866912841797,112.70555595050736,110.64246299694389,112.68128278727484,119561600
2020-08-18,112.19586181640625,112.62061629597079,110.68616274132592,111.02111317320909,105633600
2020-08-19,112.33663177490234,113.74924556112234,112.24197605902953,112.60362178027331,145538000
2020-08-20,114.82933807373047,114.94341528440668,112.36090456064325,112.37789651709356,126907200
2020-08-21,120.74677276611328,121.22977689357654,115.77592935893642,115.78806223773633,338054800
2020-08-24,122.19092559814453,125.03314486284968,120.32686221834298,124.9481850882098,345937600
2020-08-25,121.18850708007812,121.53316822878249,119.4676456893335,121.06472653687041,211495600
2020-08-26,122.83657836914062,123.29288726438261,121.43852684450661,122.5040574463888,163022400
2020-08-27,121.36811828613281,123.77101327398971,120.22491675397727,123.43849242247208,155552400
2020-08-28,121.17153930664062,122.7589022198581,120.94823653884207,122.34142892911956,187630000
2020-08-31,125.28070831298828,127.18361471555613,122.32927827603109,123.86325036863211,225702700
2020-09-01,130.27096557617188,130.87291336835037,126.72730590113318,128.89233580510103,151948100
2020-09-02,127.57192993164062,133.96023717313614,123.30012065359645,133.58159959991974,200119000
2020-09-03,117.35842895507812,125.08653127360425,116.9895020715435,123.21276461682936,257599600
2020-09-04,117.43608856201172,120.09626245606614,107.65945674214083,116.57201739853643,332607200
2020-09-08,109.53324127197266,115.52349034053138,109.3973204514996,110.63031858211357,231366600
2020-09-09,113.90213012695312,115.66910798759174,111.9021462317051,113.84388047008285,176940500
2020-09-10,110.1837158203125,116.98949692716701,109.22255937183643,116.85357611251904,182274400
2020-09-11,108.73712158203125,111.87302575822105,106.7953872680664,111.23224987919093,180860300
2020-09-14,111.999267578125,112.55266171822818,109.51384932182032,111.37791301404883,140150100
2020-09-15,112.17401885986328,115.36817345414228,110.30024450538139,114.88273976030895,184642000
2020-09-16,108.86336517333984,112.62062489457956,108.77599065772375,111.87306021260656,154679000
2020-09-17,107.12548828125,108.93130194991431,105.54297733812126,106.52355532978139,178011000
2020-09-18,103.72744750976562,107.64975186458288,102.99929711385688,107.18373975919344,287104900
2020-09-21,106.87309265136719,106.97988866541388,100.09643446582953,101.49448598998192,195713800
2020-09-22,108.55267333984375,109.5720869949024,105.97988085188311,109.3973305799532,183055400
2020-09-23,103.99930572509766,108.84393137946276,103.65949625131259,108.36820848614498,150718700
2020-09-24,105.06725311279297,107.03811241012444,101.94105943821374,102.10610509006938,167743300
2020-09-25,109.00896453857422,109.16430684101944,104.53326629739041,105.27112741974788,149981400
2020-09-28,111.61087036132812,111.96038307681121,109.49437998740385,111.65941667458367,137672400
2020-09-29,110.76624298095703,111.95070223231198,110.26139526105185,111.21284844222973,99382200
2020-09-30,112.43614196777344,113.84390402616219,110.30994757365427,110.4749932403561,142675200
2020-10-01,113.38761138916016,114.29051842202628,112.45557951767428,114.21284724761975,116120400
2020-10-02,109.7273941040039,112.00893766732247,108.95070488441137,109.60118405019122,144712000
2020-10-05,113.10602569580078,113.2516572532297,110.24197049725645,110.59148327223437,106243800
2020-10-06,109.86335754394531,112.73712413305032,108.97986466252809,112.32935419932602,161498200
2020-10-07,111.72740936279297,112.18371817362878,110.80508099423795,111.28081129884058,96849000
2020-10-08,111.6206283569336,113.00896906250527,111.25169399711908,112.86333746821694,83477200
2020-10-09,113.56234741210938,113.59147224549314,111.57206651675105,111.92157933161523,100506900
2020-10-12,120.77589416503906,121.53316947743221,115.80505089927543,116.56232621166858,240226800
2020-10-13,117.572021484375,121.73704283997935,116.16426694681041,121.62053610441286,262330500
2020-10-14,117.659423828125,119.44581630770881,116.13516229019277,117.47495664988062,150712000
2020-10-15,117.1933822631836,117.66910513115165,114.70796452850907,115.26135855246798,112559200
2020-10-16,115.55262756347656,118.0089281560019,115.34874631090426,117.74678982617324,115393800
2020-10-19,112.6011962890625,116.9118422011094,112.29051903948137,116.46524411778215,120639300
2020-10-20,114.08662414550781,115.51380033230909,112.26138879057609,112.81478288268985,124423700
2020-10-21,113.46525573730469,115.25164788351834,113.05748587164362,113.27107784719725,89946000
2020-10-22,112.37789154052734,114.60117857735534,111.25168190141596,114.02836301066806,101988000
2020-10-23,111.68858337402344,113.15459517987493,110.95072209723901,112.99925284491812,82572600
2020-10-26,111.6982650756836,113.15456575512079,109.5914777966803,110.68856238241843,111850700
2020-10-27,113.203125,113.86331505621116,111.20314074462335,112.12546171107986,92276800
2020-10-28,107.96043395996094,112.06720563801413,107.86334871753533,111.69827875394513,143937800
2020-10-29,111.96040344238281,113.52350020230705,108.93129515957777,109.09634821039327,146129200
2020-10-30,105.6886215209961,108.72743369464578,104.58183332192213,107.82452675254544,190272600
2020-11-02,105.60122680664062,107.45558679697702,104.19347226654686,105.93132552110745,122866900
2020-11-03,107.22259521484375,108.24200151383607,105.56241289323033,106.46531984784082,107624400
2020-11-04,111.60120391845703,112.22255845771816,109.07695017681739,110.81480370001444,138235500
2020-11-05,115.56230926513672,116.13512470354975,113.46524018924022,114.51377102362441,126387100
2020-11-06,115.43104553222656,115.92703675245446,112.94133225108231,115.07120221763194,114457900
2020-11-09,113.12612915039062,118.64044265473571,112.86354597300208,117.1913565886007,154515300
2020-11-10,112.78573608398438,114.36124992222891,110.99625432436308,112.37727008295128,138023400
2020-11-11,116.20907592773438,116.34523125447596,113.24282640096855,113.97223311704505,112295000
2020-11-12,115.93675994873047,117.22051541325983,115.31433350652887,116.33550583009225,103162300
2020-11-13,115.98538208007812,116.38412051420482,114.63354904794981,116.16043996869443,81581900
2020-11-16,116.99683380126953,117.66788289766848,114.90586651270257,115.65472076865481,91183000
2020-11-17,116.11183166503906,117.35668469756249,115.69363815380922,116.26744200405916,74271000
2020-11-18,114.78916931152344,116.53002096182686,114.75999422898965,115.35324564020682,76322100
2020-11-19,115.3824234008789,115.7908894056509,113.60266912591757,114.36125096903965,74113000
2020-11-20,114.11811065673828,115.50884645150772,114.0694879933699,115.3824186228592,73604300
2020-11-23,110.72393798828125,114.39042656864258,110.62668524347754,113.96250558761568,127959300
2020-11-24,112.0076904296875,112.66901946402936,109.49852961528087,110.78229252304031,113874200
2020-11-25,112.84407043457031,113.54430200672213,112.00768354782322,112.37725433307455,76499200
2020-11-27,113.3886947631836,114.26398425207363,113.02885888768483,113.36924718338975,46691300
2020-11-30,115.7811508178711,117.64843004399634,113.60265096748358,113.75826127961471,169410200
2020-12-01,119.35039520263672,120.07980194572332,116.71480639467286,117.68734871878834,127728200
2020-12-02,119.70050811767578,119.98254627518949,117.57063810536371,118.66960823368215,89004200
2020-12-03,119.56436157226562,120.38129360308123,118.85440237603919,120.12843050881996,78967600
2020-12-04,118.8932876586914,119.4865390127896,118.18332856578574,119.23367595532766,78260400
2020-12-07,120.35211944580078,121.14960390007961,118.89330587676078,118.95165604515132,86712000
2020-12-08,120.96481323242188,121.54834457068203,119.71023272701726,120.95509315138429,82225500
2020-12-09,118.43620300292969,122.49170271232049,117.67762117756554,121.1106943933289,115089200
2020-12-10,119.85609436035156,120.46880067316184,116.85094263147249,117.19133090530717,81312200
2020-12-11,119.04890441894531,119.38929273400028,117.23997517904313,119.0683519998447,86939800
2020-12-14,118.43620300292969,119.96309415447033,118.20279492279666,119.23368741163418,79184500
2020-12-15,124.36870574951172,124.3881607505194,120.72167215100104,120.92590514212858,157243700
2020-12-16,124.3006362915039,124.84525763713049,123.08495834508075,123.91162528457596,98208600
2020-12-17,125.16619110107422,126.02203307421959,124.52430962121518,125.3606965932024,94359800
2020-12-18,123.18220520019531,125.5552106694522,122.65703149372492,125.41905534776451,192541500
2020-12-21,124.70909881591797,124.78690398309315,120.0603476658836,121.58723882712805,121251600
2020-12-22,128.25892639160156,130.7194580506125,126.09014564881893,127.99633572717326,168904800
2020-12-23,127.36412811279297,128.79375143883854,127.18906280686316,128.5311757396674,88223700
2020-12-24,128.3463592529297,129.7954520660354,127.5002525254462,127.71421293650374,54930100
2020-12-28,132.9368133544922,133.56895993255333,129.84412103088945,130.3109520335808,124486200
2020-12-29,131.166748046875,134.97911129137205,130.65130192196946,134.25943963612303,121047300
2020-12-30,130.04832458496094,132.25599920161764,129.7371040047212,131.85725339811574,96452100
2020-12-31,129.04661560058594,131.040329904096,128.10324856194674,130.39844854670574,99116600
2021-01-04,125.856689453125,129.9413637183322,123.27945114345249,129.85383848203446,143301900
2021-01-05,127.41275024414062,128.12271674575476,124.90358954867594,125.35096549709283,97664900
2021-01-06,123.12384033203125,127.4516575492309,122.9098798620693,124.21309026097016,155088000
2021-01-07,127.32524108886719,128.0157526782517,124.34926390945633,124.83553507837492,109578200
2021-01-08,128.42422485351562,128.98830121735807,126.65419059044255,128.79378086858412,105158200
2021-01-11,125.43849182128906,126.595819441527,124.97167570919714,125.64273221772613,100384500
2021-01-12,125.26344299316406,126.12900498980764,123.3767086805256,124.97167735433455,91951100
2021-01-13,127.29608154296875,127.84070294426009,124.96198558320008,125.22456136179542,88636800
2021-01-14,125.37044525146484,127.40305532059554,125.22455498651907,127.20854980715394,90221800
2021-01-15,123.64901733398438,126.64444915422231,123.5128620166925,125.24398598218208,111598500
2021-01-19,124.32007598876953,125.17591790643084,123.4545139910682,124.27144590893572,90757300
2021-01-20,128.40476989746094,128.85214592405728,125.02032655299224,125.12730680892926,104319500
2021-01-21,133.11187744140625,135.8349992091979,129.92193946307938,130.12617990258715,120150900
2021-01-22,135.25146484375,136.01004665089906,131.31266555904966,132.53806351525557,114459400
2021-01-25,138.99574279785156,141.10615779384105,132.79091821695442,139.14163304575837,157611700
2021-01-26,139.2292022705078,140.3379002416551,137.48834270504506,139.65712338916506,98390600
2021-01-27,138.1593475341797,140.3378474829839,136.55465878230473,139.49172564743122,140843800
2021-01-28,133.32583618164062,138.09130292156465,132.94654523318187,135.6891219680526,142621100
2021-01-29,128.33668518066406,132.98543606950525,126.63473619885515,132.10041903740844,177523800
2021-02-01,130.4568328857422,131.66279076657688,127.33496534929878,130.07754195512933,106239800
2021-02-02,131.2834930419922,132.56724118693242,130.91392221186754,132.0031648608857,83305400
2021-02-03,130.26229858398438,132.0420525079875,129.94135789213308,132.03231758895785,89880900
2021-02-04,133.61758422851562,133.6273043090521,130.8944628567243,132.55751669715318,84183100
2021-02-05,133.20361328125,133.84645384942093,132.32702331519238,133.77828189570104,75693800
2021-02-08,133.34974670410156,133.39844945852406,131.41149002924152,132.49262578464683,71297200
2021-02-09,132.47312927246094,134.29451105529114,132.31730127973145,133.06726715184539,76774200
2021-02-10,131.8692626953125,133.42766158836056,130.90500170826476,132.93091432442992,73046600
2021-02-11,131.61602783203125,132.84325691578465,130.291393245221,132.3659937299951,64280000
2021-02-12,131.84976196289062,132.00560480490336,130.2134567077312,130.85629728454018,60145100
2021-02-16,129.72647094726562,132.47313069680968,129.33686380627134,131.96666370650627,80576300
2021-02-17,127.4375991821289,128.78171806051128,126.10322977283343,127.8369410028071,97918500
2021-02-18,126.33700561523438,126.61945786658119,124.09681223442625,125.84025823038746,96856700
2021-02-19,126.4927978515625,127.31096541209789,125.45063033694109,126.85318631272438,87668800
2021-02-22,122.72343444824219,126.34669893995918,122.33383475744539,124.68116007602796,103916400
2021-02-23,122.58707427978516,123.41496896895947,115.31132670254333,120.54168521506156,158273000
2021-02-24,122.09033203125,122.29487019049711,119.05147088701199,121.69099774824254,111039900
2021-02-25,117.84373474121094,123.17149227710611,117.40543965947438,121.43778116304092,148199500
2021-02-26,118.10669708251953,121.60333738053185,118.04825229910983,119.40210545733144,164560400
2021-03-01,124.46687316894531,124.60323193058755,119.59689616459342,120.53193085770955,116307900
2021-03-02,121.86631774902344,125.37270000855568,121.75917765120198,125.07076378614747,102260900
2021-03-03,118.88591003417969,122.44099574374602,118.67162979614048,121.56439814767528,112966300
2021-03-04,117.006103515625,120.38586986301316,115.53537532437929,118.58397926186606,178155000
2021-03-05,118.26254272460938,118.76902459264008,114.51266119025206,117.8339897181949,153766600
2021-03-08,113.33413696289062,117.85347628547363,113.18803612592406,117.78529688568887,154376600
2021-03-09,117.94110870361328,118.88588550494669,115.70092356585985,115.93468039958287,129525800
2021-03-10,116.86000061035156,118.99304601715157,116.34377667711071,118.52553226949556,111943300
2021-03-11,118.78849792480469,120.00599237807343,118.10670400337277,119.35341713456053,103026500
2021-03-12,117.88269805908203,118.01905686222865,116.06133086091033,117.26908344492222,88105100
2021-03-15,120.7657241821289,120.7754662197614,117.28855984707407,118.25282093575967,92403800
2021-03-16,122.30462646484375,123.91172068145192,121.47673169598399,122.43124321692929,115227900
2021-03-17,121.51568603515625,122.58707964634337,119.15861117334904,120.82415009129004,111932600
2021-03-18,117.39566040039062,119.97674960924601,117.19112226503158,119.68454802673601,121229700
2021-03-19,116.8697280883789,118.27228410779664,116.56779183514182,116.7820720526636,185549500
2021-03-22,120.1812973022461,120.64881838524362,117.13269423612276,117.20087361999786,111912300
2021-03-23,119.3534164428711,121.0092059173222,118.96381673388366,120.12287382459728,95467100
2021-03-24,116.96713256835938,119.7040653634643,116.94765592524341,119.62614392900645,88530500
2021-03-25,117.45411682128906,118.4962991670475,115.90546750304253,116.43142597838931,98844700
2021-03-26,118.05801391601562,118.32099690748782,115.82756294666447,117.22037704784019,94071200
2021-03-29,118.23331451416016,119.3923715504468,117.59048134086395,118.48655542775977,80819200
2021-03-30,116.78207397460938,117.26907177481125,115.76911765846987,116.98661215897457,85671900
2021-03-31,118.97357177734375,120.3079410804402,117.9995761138878,118.48657394561577,118323800
2021-04-01,119.80146026611328,120.9507753854183,119.30472042335516,120.44430093685868,75089100
2021-04-05,122.62602996826172,122.87927086868106,119.86962103149284,120.64882037232358,88651200
2021-04-06,122.92796325683594,123.82403727576349,122.38252818983577,123.21042282538829,80171300
2021-04-07,124.57402801513672,124.59350465582355,121.88579830959569,122.55785759372996,83466700
2021-04-08,126.9700698852539,126.99928856495599,125.17792150755567,125.59673249128127,88844600
2021-04-09,129.54139709472656,129.58035037412546,126.1031942856078,126.42461457311639,106686700
2021-04-12,127.82718658447266,129.39532007888374,127.23304868008105,129.07389975073812,91420000
2021-04-13,130.93421936035156,131.15824904554103,128.49923039780398,128.99597765783932,91266500
2021-04-14,128.59661865234375,131.48938634080065,128.2362450900617,131.43094899145666,87222800
2021-04-15,131.00244140625,131.4894393296933,130.16480438344763,130.34013136412574,89347100
2021-04-16,130.6712646484375,131.16799709740084,129.81414368991753,130.8076234498389,84922400
2021-04-19,131.3335418701172,131.94716375459052,129.87254870669761,130.03812614844625,94264200
2021-04-20,129.64859008789062,132.00565829599216,128.38239249193592,131.5089257555319,94812300
2021-04-21,130.02838134765625,130.27188018913125,127.8855945150741,128.91802722500978,68847100
2021-04-22,128.50897216796875,130.66149395921403,127.99275572778816,129.58035833012048,84566500
2021-04-23,130.82708740234375,131.60627194079382,128.72325347974677,128.72325347974677,78657500
2021-04-26,131.21664428710938,131.54779911284922,130.0868062042445,131.32378436155327,66905100
2021-04-27,130.89527893066406,131.88875868630524,130.62256132903624,131.49915149684074,66015800
2021-04-28,130.10630798339844,131.50886374451756,129.61931028089822,130.81732046769145,107760100
2021-04-29,130.00892639160156,133.50558183329358,129.00571212903608,132.92117853809344,151101000
2021-04-30,128.04148864746094,130.0868708182536,127.66163089702832,128.35315956120257,109839500
2021-05-03,129.09335327148438,130.58358001612103,128.40182480933737,128.6063555356659,75135100
2021-05-04,124.52534484863281,128.0706959218244,123.40524834260499,127.77849424860072,137564700
2021-05-05,124.76883697509766,127.05771762012843,124.64221279666873,125.84022317213565,84000900
2021-05-06,126.3662109375,126.37594554444907,123.82407406523244,124.5643128982338,78128300
2021-05-07,127.03939056396484,128.0638111341248,126.3271553590937,127.66380595625425,78973300
2021-05-10,123.7612075805664,126.38570115821472,123.7221806852606,126.25887677480436,88071200
2021-05-11,122.84410095214844,123.19532812082859,119.78055295740043,120.49278076667929,126142800
2021-05-12,119.7805404663086,121.60500854306753,119.27320577012671,120.39520469554279,112172300
2021-05-13,121.92697143554688,123.07823863645709,121.23426088704589,121.54646856304096,105861300
2021-05-14,124.34659576416016,124.7758841676664,122.7855571745272,123.17581868284023,81918000
2021-05-17,123.1953125,123.83924502210618,122.12209907344122,123.73192293508849,74244600
2021-05-18,121.80989837646484,123.8977887358132,121.74160317568686,123.47825894714309,63342900
2021-05-19,121.6537857055664,121.87818100914643,119.86834464183288,120.16104258276613,92612000
2021-05-20,124.20999145507812,124.61001150333645,122.05380598133526,122.1806452374261,76857100
2021-05-21,122.37579345703125,124.88321393915864,122.16114924209418,124.70759662181192,79295400
2021-05-24,124.0051040649414,124.82465387319235,122.87335402183648,122.94164921888921,63092900
2021-05-25,123.80996704101562,125.19539548054684,123.24408834343369,124.70756311355534,72009500
2021-05-26,123.7612075805664,124.28805950176616,123.34167776055286,123.8685296817526,56575900
2021-05-27,122.22943878173828,124.53197352741631,122.03431174645816,123.36119642849698,94625600
2021-05-28,121.57575225830078,122.73677818956268,121.51721563777299,122.51237540484098,71311100
2021-06-01,121.25376892089844,122.29771402080185,120.92205152635813,122.03429182182089,67637100
2021-06-02,122.01480102539062,122.19041834387204,121.02939976844125,121.25379512651105,59278900
2021-06-03,120.53179931640625,121.80989840712398,120.13177925202119,121.64403969713835,76229200
2021-06-04,122.82456970214844,123.08799935298282,120.83424294183042,121.04888711847525,75169300
2021-06-07,122.83432006835938,123.24409122711307,121.79037500565761,123.0977422579531,71057600
2021-06-08,123.65386962890625,125.33199613747028,123.13677635872094,123.51727923465421,74403800
2021-06-09,124.03437805175781,124.63928371308171,123.43923097435068,124.1124318358548,56877900
2021-06-10,123.03923034667969,125.06858426923962,122.87337162202547,123.92706803553762,71186400
2021-06-11,124.24901580810547,124.3368281715762,123.02945340825438,123.44898317154788,53522400
2021-06-14,127.30282592773438,127.36136255409737,123.97586282548664,124.70760042950351,96906500
2021-06-15,126.4832534790039,127.41988394107798,126.23934100200125,126.77595142885431,62746300
2021-06-16,126.98082733154297,127.70281361013316,125.33199152138447,127.19547149849583,91815000
2021-06-17,128.58091735839844,129.3224209462561,126.49302678487064,126.6393832290609,96721700
2021-06-18,127.2833480834961,128.3077690160274,127.06870382079138,127.52726066500213,108953300
2021-06-21,129.0784912109375,129.18581330080102,126.063736441913,127.1271913132279,79663300
2021-06-22,130.7175750732422,130.8151460223462,128.4150406144124,128.91263161271146,74783600
2021-06-23,130.44442749023438,131.04934073165782,129.98587070972775,130.51273014944366,60214200
2021-06-24,130.16146850585938,131.36151382298493,129.69314579268672,131.17613794325877,68711000
2021-06-25,129.8687744140625,130.6297802366699,129.5760764313894,130.21025787505408,70783700
2021-06-28,131.49807739257812,131.95663398446408,130.10290533994575,130.1614419453381,62111300
2021-06-29,133.01036071777344,133.16646828417475,131.07857796707717,131.51761747124857,64556100
2021-06-30,133.625,134.06403942217588,132.56153042883813,132.85422833936676,63261400
2021-07-01,133.92742919921875,133.98596579520182,132.45418872656262,133.27374573202133,52485800
2021-07-02,136.55198669433594,136.59100614570704,134.39579354693674,134.54213509862615,78852600
2021-07-06,138.5618133544922,139.66428770082487,136.65929888430668,136.65929888430668,108181800
2021-07-07,141.04971313476562,141.36191336128311,139.1862182535438,140.04478004189397,104911600
2021-07-08,139.75209045410156,140.5521155930635,137.2446631833098,138.13250812343543,105575500
2021-07-09,141.57656860351562,142.10341304013653,139.17646311232951,139.27403406481795,99890800
2021-07-12,140.98143005371094,142.75712026323748,140.49360503622404,142.64979816390084,76299700
2021-07-13,142.09368896484375,143.86937940514224,140.13263749909038,140.5228916089028,100827100
2021-07-14,145.5181884765625,145.9279745686904,144.0839818158266,144.4937679079545,127050800
2021-07-15,144.86451721191406,146.34750947636803,143.50836421958925,145.60602078776031,106820300
2021-07-16,142.8253936767578,146.1133292004128,142.32781756831105,144.8449961921481,93251400
2021-07-19,138.98133850097656,140.56190161268026,138.2203326975493,140.24968646910114,121434600
2021-07-20,142.5912322998047,143.5181116494979,139.47892150687957,139.9667464752501,96350000
2021-07-21,141.8594970703125,142.57173225410514,141.10825732605966,141.9863363279922,74993500
2021-07-22,143.2254180908203,144.59132208932277,142.25951926436974,142.38635852395822,77338200
2021-07-23,144.94256591796875,145.0986734955369,143.34250046599004,143.95716474814094,71447400
2021-07-26,145.3621063232422,146.18164879238583,144.1035094217646,144.65963709619385,72434100
2021-07-27,143.19613647460938,145.57672455410125,142.00584243486344,145.48890475095865,104818600
2021-07-28,141.44970703125,143.39125553651849,139.0691190835095,141.283848347971,118931200
2021-07-29,142.09368896484375,142.981534184993,141.05950217532487,141.16682428860926,56699500
2021-07-30,142.30828857421875,142.7668451974614,140.60090132642787,140.8643309559415,70440600
2021-08-02,141.97657775878906,143.37174997131473,141.71314811709883,142.7961201026742,62880000
2021-08-03,143.77182006835938,144.4352550861749,141.64489480221886,142.25955921779124,64786600
2021-08-04,143.37176513671875,144.19130756729243,142.71808142038705,143.68398028393023,56368300
2021-08-05,143.47909545898438,144.2401013148973,142.61076750096896,143.40104166770632,46397700
2021-08-06,142.79510498046875,143.74290453377364,142.29678337483543,143.0003050001657,54126800
2021-08-09,142.74624633789062,143.34228507821692,142.18930041536296,142.8537292225246,48908700
2021-08-10,142.26747131347656,144.32917762337323,141.97433481779836,143.08824157374232,69023100
2021-08-11,142.52149963378906,143.36181621242878,142.19905101424288,142.70715322469806,48493500
2021-08-12,145.48216247558594,145.6385039280885,142.50196876649986,142.84396383015653,72282600
2021-08-13,145.68736267089844,146.01957707570978,144.8763581583002,145.56033337689462,59375000
2021-08-16,147.6611328125,147.72953779617734,143.117568833467,145.1401825389347,103296000
2021-08-17,146.75241088867188,148.20829780218608,145.67758203815535,146.79148879708086,92229700
2021-08-18,143.01010131835938,147.2703098892412,142.80490125480077,146.37136871129022,86326000
2021-08-19,143.34228515625,144.61253336364982,141.1926423719419,141.71051038649435,86960300
2021-08-20,144.79818725585938,145.10108950161558,143.42045616108942,144.06535347049768,60549600
2021-08-23,146.2834014892578,146.75241093803115,144.50505101044897,144.91543614181833,60131800
2021-08-24,146.19541931152344,147.40704295099573,145.7361757091974,146.0293121440176,48606400
2021-08-25,144.96429443359375,146.87943995254733,144.41711425947602,146.3811034364789,58991300
2021-08-26,144.16305541992188,145.70689371393732,144.13374326132688,144.95452843061085,48597200
2021-08-27,145.19879150390625,145.3453522818871,143.4692997760321,144.1044163600025,55802400
2021-08-30,149.61534118652344,149.97688265994054,145.2085727146907,145.58964568755835,90956700
2021-08-31,148.35487365722656,149.3026732146875,147.8272249811444,149.16587817080352,86453100
2021-09-01,149.01931762695312,151.43278500420377,148.85321040744938,149.33200056452,80313700
2021-09-02,150.1332244873047,151.17874128646721,148.91183471793337,150.34819027947748,71115500
2021-09-03,150.76834106445312,151.09078972052774,149.5860293255129,150.24069238740682,57808700
2021-09-07,153.1036834716797,153.6606295652861,150.85632286325858,151.4230496190897,82278300
2021-09-08,151.55982971191406,153.44564855103232,150.45568847705636,153.38702422166725,74420200
2021-09-09,150.54360961914062,152.53691096459315,150.4263460744376,151.93110647020356,57305700
2021-09-10,145.56036376953125,151.92135699493102,145.2965393767227,151.45234744847278,140893200
2021-09-13,146.1270751953125,147.9542695218118,145.34538275990522,147.18235774668085,102404300
2021-09-14,144.7297821044922,147.61227358439965,143.5474852815467,146.9087519585389,109296300
2021-09-15,145.61895751953125,146.0195769004921,143.01983678244974,145.15971382126716,83281300
2021-09-16,145.3844451904297,145.56033305169905,143.8503875542624,145.04246503666727,68034100
2021-09-17,142.7169647216797,145.41380316434896,142.42382816362286,145.41380316434896,129868800
2021-09-20,139.6683807373047,141.5248874282257,138.03660561412693,140.50869758793672,123478900
2021-09-21,140.14712524414062,141.29035906389458,139.51200859720305,140.6356810985669,75834000
2021-09-22,142.51173400878906,143.0784456211062,140.41093510559722,141.14376881169068,76404300
2021-09-23,143.4693145751953,143.71359250338787,142.30654925147212,143.29342671393508,64838200
2021-09-24,143.5572509765625,144.09466540021555,142.2283784515029,142.32609558654582,53477900
2021-09-27,142.042724609375,142.61923184992318,140.52821338546616,142.14044174425882,74150700
2021-09-28,138.6619415283203,141.43693551030117,138.44697573581755,139.9712677848058,108972300
2021-09-29,139.5608673095703,141.14378350850296,138.77917495976774,139.2091064976362,74602000
2021-09-30,138.2613067626953,141.075393254431,138.04634099404652,140.37187163149707,89056700
2021-10-01,139.385009765625,139.64883415934378,135.92604012055145,138.65217582382982,94639600
2021-10-04,135.95529174804688,138.9550311706694,135.10520952513863,138.51531907374905,98322000
2021-10-05,137.8802032470703,138.9843440041992,136.17025813588964,136.29728740091528,80861100
2021-10-06,138.74984741210938,138.8964081885175,135.20292752763442,136.27775625309343,83221100
2021-10-07,140.01034545898438,140.91906720020722,139.4533994772065,139.78561391612965,61732700
2021-10-08,139.62924194335938,140.87994360098938,139.29702757701324,140.73338282452485,58773200
2021-10-11,139.54132080078125,141.49554421911762,138.56420909161307,139.01368703802868,64452200
2021-10-12,138.27108764648438,139.97126757292082,137.8118439004276,139.9517211619384,73035900
2021-10-13,137.68479919433594,138.16357433643927,136.01393179740973,138.00724781162134,78762700
2021-10-14,140.46961975097656,140.58688333280563,138.27111768839706,138.85739086890345,69907100
2021-10-15,141.5248565673828,141.58348088448486,140.22529620330172,140.47935479013262,67940300
2021-10-18,143.19570922851562,143.4790650348245,139.883301471598,140.16665727790686,85589200
2021-10-19,145.3551025390625,145.75572183556673,143.19569445607436,143.64515740033994,76378900
2021-10-20,145.8437042236328,146.32249438069462,144.72979735027167,145.29652399244392,58418800
2021-10-21,146.0586700439453,146.21501151275598,144.48551942420278,145.40400691653662,61421000
2021-10-22,145.28672790527344,146.7426146643611,145.23786934278849,146.26383951681254,58883400
2021-10-25,145.2378692626953,145.95115656405432,144.24121124480388,145.27694716693773,50720600
2021-10-26,145.90232849121094,147.38752756365847,145.5994113354405,145.91209424092938,60893400
2021-10-27,145.44309997558594,146.30294823636,145.0913391249601,145.94142163499626,56094900
2021-10-28,149.07794189453125,149.66419997930225,146.29316753585874,146.3908846714247,100077900
2021-10-29,146.371337890625,146.50813293434493,143.05892977311782,143.85038787675046,124953200
2021-11-01,145.5505828857422,146.2736360885386,144.41712959922393,145.57989504750188,74588300
2021-11-02,146.5863037109375,148.10082985163274,145.2476505224247,145.25743118168475,69122000
2021-11-03,148.02267456054688,148.49168405814817,146.3908996149076,146.9478455977698,54511500
2021-11-04,147.50477600097656,148.94111635864294,147.19209312751175,148.1105804313896,60394600
2021-11-05,148.033203125,148.9334561453401,146.83938576662882,148.6301118041856,65463900
2021-11-08,147.2112274169922,148.31697989696048,146.93723803048172,148.16041026715402,55020900
2021-11-09,147.5732879638672,148.17997664131613,146.83938459031998,146.97637928946335,56787900
2021-11-10,144.7453155517578,146.9078907486886,144.67682566721112,146.8002509889988,65187100
2021-11-11,144.69635009765625,146.22286636426517,144.5104255646951,145.76296742917557,41000000
2021-11-12,146.77088928222656,147.1720784304826,144.31474986015922,145.24435777936998,63804000
2021-11-15,146.78067016601562,148.62032601011296,146.22289645235986,147.14272437440852,59222800
2021-11-16,147.7592315673828,148.2387205417783,146.13485497458598,146.72198372154762,59256200
2021-11-17,150.1957550048828,151.67334153749616,147.7494107865361,147.75919078814144,88807000
2021-11-18,154.48175048828125,155.26458367795593,149.76520627698585,150.41104477831504,137827700
2021-11-19,157.10426330566406,157.56417731455713,153.17053675502055,154.26649442831288,117305600
2021-11-22,157.56414794921875,162.14369731452808,157.54457301404287,158.20997149701574,117467900
2021-11-23,157.94580078125,158.32742995233392,155.64623082003743,157.6620164381372,96041900
2021-11-24,158.46441650390625,158.66012108108276,156.2137765381209,157.29995411244806,69463600
2021-11-26,153.44451904296875,157.00639624695634,153.00417999336176,156.1452930856568,76959800
2021-11-29,156.80087280273438,157.73048055072377,155.38198131594635,155.94953492440175,88748200
2021-11-30,161.75228881835938,161.96756831221649,156.48775108343634,156.55625589116394,174048100
2021-12-01,161.2336883544922,166.64500155872992,160.99883389139347,163.88551760970591,152052500
2021-12-02,160.24533081054688,160.6758897940943,154.41325439149716,155.33308223247562,136739200
2021-12-03,158.36654663085938,161.4195945786872,156.29205136899398,160.49976670029744,118023100
2021-12-06,161.77186584472656,164.27692006238982,160.75417823673777,160.76395823883925,107497000
2021-12-07,167.50607299804688,167.8974970290668,164.7270295686555,165.45115282756737,120405400
2021-12-08,171.32240295410156,172.18352101189242,167.03640253357247,168.43571937748263,116998900
2021-12-09,170.81356811523438,172.95656843850207,170.18730447599066,171.15606234208923,108923700
2021-12-10,175.59860229492188,175.77474686026093,170.9407678198788,171.4496116481563,115402700
2021-12-13,171.96823120117188,178.22108688608395,171.76273170193855,177.23275419312068,153237000
2021-12-14,170.58851623535156,173.92533410356964,168.51402063695375,171.48876932392616,139380400
2021-12-15,175.45184326171875,175.6475478496639,168.6118581679586,171.35176719309973,131063300
2021-12-16,168.5629119873047,177.2523322197485,167.08532532021002,175.43225135839342,150185800
2021-12-17,167.4669647216797,169.74695967221308,166.0480878451819,166.28292736988075,195432700
2021-12-20,166.10679626464844,166.91898445345717,163.8659512088188,164.66834446331637,107499100
2021-12-21,169.27723693847656,169.48272148768493,165.49028600162353,167.87792030585337,91185900
2021-12-22,171.87039184570312,172.08567137280502,168.45528928513505,169.32618739702795,92135300
2021-12-23,172.49664306640625,173.05441678226669,171.50832525865067,172.07587897729215,68356600
2021-12-27,176.459716796875,176.54778161213417,173.26968906108772,173.2892490658333,74919600
2021-12-28,175.44203186035156,177.43825729141835,174.69834852343934,176.29336988152778,79144300
2021-12-29,175.53009033203125,176.7532624077505,174.31669825764985,175.48116046274254,62348900
2021-12-30,174.3754425048828,176.69458737092964,174.26780274374727,175.61818975957434,59773000
2021-12-31,173.7589569091797,175.38331824017646,173.45559766181222,174.2677857929612,64062300
2022-01-03,178.10366821289062,178.9550062933326,173.89596741451703,174.0133871781769,104487900
2022-01-04,175.84324645996094,179.01371442958575,175.27569272230144,178.71037008888723,99310400
2022-01-05,171.16580200195312,176.30312460609773,170.89181265756935,175.7551459173302,94537600
2022-01-06,168.30850219726562,171.53767993498516,167.95622799076347,168.99347567343597,96904000
2022-01-07,168.474853515625,170.40257420223315,167.35932100577125,169.17940193566972,86709100
2022-01-10,168.4944305419922,168.79777487885306,164.56070430318124,165.4511773077938,106765600
2022-01-11,171.32240295410156,171.4202477771128,167.15383722500894,168.62164395189677,76138300
2022-01-12,171.76271057128906,173.37729170304524,171.0679572091586,172.34004419476074,74805200
2022-01-13,168.4944305419922,172.82934594142114,168.10300645305696,172.00737775161056,84505800
2022-01-14,169.3555450439453,170.05029852382498,167.4180294399018,167.66266389110206,80440800
2022-01-18,166.15570068359375,168.836884364845,165.7740715864879,167.82899175117316,90956700
2022-01-19,162.66233825683594,167.40825267441707,162.37856885772902,166.35143003303915,94815000
2022-01-20,160.979248046875,166.03828667936338,160.65632878123083,163.3962376065405,91420500
2022-01-21,158.92434692382812,162.76021377251277,158.81670715554318,160.89120276470334,122848900
2022-01-24,158.1512908935547,158.8167044309835,151.3798104055977,156.58563920962845,162294600
2022-01-25,156.35076904296875,159.26680751652682,153.65001008067688,155.56793581393717,115798400
2022-01-26,156.26271057128906,160.8618354481178,154.43284958250229,159.99093736491258,108275300
2022-01-27,155.8028106689453,160.32365113506773,154.88298262420264,158.96348400735147,121954600
2022-01-28,166.67433166503906,166.69390660020625,159.30594382680772,162.15349217595866,179935700
2022-01-31,171.02883911132812,171.24411862639118,165.87194061535732,166.5079991576081,115541600
2022-02-01,170.86251831054688,171.08757786653237,168.6118779567779,170.27538954650115,86213900
2022-02-02,172.0660858154297,172.105235689561,169.6099612749151,170.9994831805343,84914300
2022-02-03,169.18917846679688,172.45750604377838,168.4259201826274,170.73526997176376,89418100
2022-02-04,168.9050750732422,170.5805134014752,167.22963674500915,168.20942139418403,82465400
2022-02-07,168.1898193359375,170.43351937589156,167.49416572772904,169.36555780513737,77251200
2022-02-08,171.2957305908203,171.80522273077705,167.96445422996524,168.2583925780297,74829200
2022-02-09,172.71640014648438,173.07891560572492,171.36429283315064,172.4910539110368,71285000
2022-02-10,168.64051818847656,171.93259499604034,168.08204874852603,170.61968723864308,90865900
2022-02-11,165.2308807373047,169.5811269216294,164.64300397443432,168.846288443205,98670700
2022-02-14,165.46603393554688,166.15188018995096,163.19292640629095,163.98654956855333,86185500
2022-02-15,169.29698181152344,169.45375094241317,166.80833539753965,167.51378153621621,62527400
2022-02-16,169.06179809570312,169.83582117930217,166.61233714082573,168.3759520184021,61177400
2022-02-17,165.46603393554688,168.4347801834387,165.06431864713625,167.57256492057238,69589300
2022-02-18,163.91793823242188,167.0924302194162,162.83037691642315,166.38699918366942,82772700
2022-02-22,160.9982147216797,163.3202994694817,158.87206895600934,161.6448612037598,91162800
2022-02-23,156.8341064453125,162.79118283457873,156.5205682404435,162.19351371308113,90009200
2022-02-24,159.4501495361328,159.5579264390306,148.9272576589058,149.49553451506446,141147500
2022-02-25,161.51748657226562,161.78201763247694,157.61793335879435,160.52789462372328,91974200
2022-02-28,161.7820587158203,162.07599714102412,159.14643525536403,159.76370445325912,95056600
2022-03-01,159.90081787109375,163.23209394256236,158.69568719407653,161.37049453342058,83474400
2022-03-02,163.19288635253906,163.97671685818776,159.6558640904533,161.06675601055625,79724800
2022-03-03,162.86956787109375,165.49539801856008,162.20332160924863,165.06429046074288,76678400
2022-03-04,159.87147521972656,162.20336769944225,158.82311331561885,161.16479826067675,83737200
2022-03-07,156.07968139648438,161.6840502038395,155.82492784594277,160.05760426701897,96418800
2022-03-08,154.2572479248047,159.5872770933945,152.65040221518476,155.60935508972088,131148300
2022-03-09,159.65586853027344,160.1065759424101,156.187438255504,158.21558423430952,91454900
2022-03-10,155.31544494628906,157.14763719865718,152.82678391494153,156.9614757494235,105342000
2022-03-11,151.60205078125,156.06007322521145,151.37670453340775,155.71714267170483,96970100
2022-03-14,147.57513427734375,151.0043799732345,147.06565710961667,148.38835719355112,108732100
2022-03-15,151.9547576904297,152.42506496258488,147.33998157862231,147.8494586979721,92964300
2022-03-16,156.3638153076172,156.76553056777536,151.3375306500096,153.8751690879972,102300200
2022-03-17,157.3730010986328,157.74532403885397,154.4434546489776,155.40363939181822,75615400
2022-03-18,160.66502380371094,161.15491594906342,156.53033290091022,157.26517111893895,123511700
2022-03-21,162.03677368164062,162.9871658912754,159.71467413165345,160.2045664067095,95811400
2022-03-22,165.40725708007812,165.99511891868582,161.57629538795769,162.16415722656538,81532000
2022-03-23,166.76913452148438,169.15000379737148,164.2608735199057,164.5940116285297,98062700
2022-03-24,170.5511016845703,170.61967882805246,166.76913277034842,167.60194065734933,90131400
2022-03-25,171.1879425048828,171.73661941189775,169.2577659174967,170.3649271443604,80546200
2022-03-28,172.05015563964844,172.17751745210523,168.52292563460833,168.68948719730128,90371900
2022-03-29,175.3422393798828,175.39121664425457,172.7751938429614,173.11812439551318,100589400
2022-03-30,174.1763153076172,175.97911541230812,173.12793859273035,174.94054611178674,92633200
2022-03-31,171.08018493652344,174.43104638306448,170.87442359799343,174.2448849220912,103049300
2022-04-01,170.7862548828125,171.3447392929013,168.46417011530542,170.51191638497735,78751300
2022-04-04,174.832763671875,174.88175589117134,170.91362533338986,171.04100211349504,76468400
2022-04-05,171.5210723876953,174.6955795536943,170.8940109049415,173.9117489626708,73401800
2022-04-06,168.35633850097656,170.11995323562857,166.69070817670823,168.8756229853016,89058800
2022-04-07,168.66009521484375,169.85543344405016,166.41639539463952,167.69991063657648,77594700
2022-04-08,166.6515655517578,168.30740398265033,165.7795578216243,168.30740398265033,76575500
2022-04-11,162.3992919921875,165.61298417615765,162.1543458504195,165.29946088886413,72246700
2022-04-12,164.27069091796875,166.43600652884118,163.2713064320056,164.62341397476007,79265200
2022-04-13,166.95530700683594,167.58236861722457,163.39869870978032,164.00616044006455,70618900
2022-04-14,161.94857788085938,167.80770011623432,161.70363174912274,167.17083120352376,75329400
2022-04-18,161.73301696777344,163.23208589340007,160.26334037791807,160.60625594535696,69023900
2022-04-19,164.0159149169922,164.4274375522312,160.59647667199232,161.6840380358106,67723800
2022-04-20,163.849365234375,165.4660187034269,162.74221886501599,165.34843439183405,67929800
2022-04-21,163.05577087402344,168.06247137790007,162.55608605027268,165.49544020244304,87227800
2022-04-22,158.5193328857422,164.47642463552896,158.23520194954875,163.0949398073809,84882400
2022-04-25,159.58729553222656,159.87142644375086,155.25665006996203,157.8628653370747,96046400
2022-04-26,153.6302032470703,159.05820246882445,153.55181869779824,158.9700254572649,95623200
2022-04-27,153.40487670898438,156.55976925790796,152.23893068313222,152.75821530720194,88063200
2022-04-28,160.3319549560547,161.194170207573,155.7171628080034,156.03070106321982,130216800
2022-04-29,154.46302795410156,162.84018882642286,154.07112011517893,158.568327600733,131747600
2022-05-02,154.76673889160156,155.03126989569458,150.17154800531014,153.54200848268903,123055300
2022-05-03,156.2560272216797,157.46117291588328,153.15991957685017,154.95291204808,88966500
2022-05-04,162.66384887695312,163.11454143572888,156.04049519291306,156.44221048032446,108256500
2022-05-05,153.60081481933594,160.76303686900772,151.8175999162394,160.5376906280676,130525300
2022-05-06,154.32693481445312,156.44638259515347,151.28513392702433,153.0807759379822,116124600
2022-05-09,149.20494079589844,152.90416000742098,148.6456508199546,152.0210492953049,131577900
2022-05-10,151.60890197753906,153.79704209180267,150.05856639249635,152.5999477156594,115366700
2022-05-11,143.7493133544922,152.53126499841446,143.0722664113859,150.61788122808568,142689800
2022-05-12,139.88331604003906,143.45497143936288,136.19391853080884,140.08937970466798,182602000
2022-05-13,144.34788513183594,145.31930242919321,140.422988536555,141.8751960845671,113990900
2022-05-16,142.80735778808594,144.75019240669823,141.47289233038416,142.81717961196202,86643800
2022-05-17,146.4378662109375,146.95791370140876,143.92592034755194,146.06499632256597,78336300
2022-05-18,138.1759796142578,144.59317839270622,137.27324030149254,144.09275951105042,109742900
2022-05-19,134.77108764648438,139.000159600712,134.0351698361955,137.25358252874264,136095600
2022-05-20,135.0066680908203,138.05827672036682,130.12017453622735,136.47850476155406,137426100
2022-05-23,140.42295837402344,140.57013597581613,135.06546908443286,135.20283983686906,117726300
2022-05-24,137.72463989257812,139.30441157484717,134.75153153593112,138.1661878220446,104132700
2022-05-25,137.88160705566406,139.12775081330722,135.7425308510417,135.83083742178036,92482700
2022-05-26,141.0803985595703,141.62988165478208,134.56507119637524,134.81037721904417,90601500
2022-05-27,146.8303680419922,146.869610416665,142.5326018592053,142.6601657784012,90978500
2022-05-31,146.04539489746094,147.8312299883083,144.08294665114528,146.27108722583742,103718400
2022-06-01,145.9178466796875,148.8909545900905,144.90717205322113,147.08549081541827,74286600
2022-06-02,148.3708953857422,148.429766433254,144.1025647736461,145.05435330119587,72348100
2022-06-03,142.65037536621094,145.19174238635256,141.74765092180013,144.14182533230215,88570300
2022-06-06,143.3960723876953,145.78045445382116,142.17934925780943,144.2693611343495,71598400
2022-06-07,145.9178466796875,146.20239508903217,141.39440285018887,141.63970888221743,67808200
2022-06-08,145.181884765625,147.05601090574325,144.69127284964156,145.79023875031248,53950200
2022-06-09,139.96180725097656,145.17210490927135,139.85387199936835,144.31844471982856,69473000
2022-06-10,134.55526733398438,138.11710068108783,134.48657445941151,137.6461172993445,91437900
2022-06-13,129.4038543701172,132.6615109809625,128.97211331960065,130.37525676148604,122207100
2022-06-14,130.26730346679688,131.3760914682962,129.01133784221852,130.63036655754385,84784300
2022-06-15,132.8871612548828,134.76130271815364,129.67856950370555,131.76856647591572,91533000
2022-06-16,127.61799621582031,129.9042500251396,126.61714350302216,129.60007296838003,108123900
2022-06-17,129.08985900878906,130.58132405033675,127.3727165836019,127.62784446904057,134520300
2022-06-21,133.3189239501953,134.48658311474856,130.8168142802015,130.91492771438774,81000500
2022-06-22,132.80870056152344,135.17343948860204,131.395735327504,132.2592024365102,73409200
2022-06-23,135.67384338378906,135.98782727058793,133.08341268546732,134.2510716127321,72433800
2022-06-24,139.00022888183594,139.24553494086544,137.14571567446453,137.2732646440002,89116800
2022-06-27,139.00022888183594,140.79587103060723,138.3231817633475,140.02069549958952,70207900
2022-06-28,134.8594512939453,140.7271675936439,134.7417091855751,139.46139501178652,67083400
2022-06-29,136.6158447265625,138.0288100068747,134.1039131048046,134.8790886274478,66242400
2022-06-30,134.15293884277344,135.77195236171494,131.25833120197146,134.67298633539292,98964500
2022-07-01,136.32142639160156,136.4293616172376,133.11283508569903,133.4856899787513,71051600
2022-07-05,138.90206909179688,138.95113328697806,134.35899711370092,135.18323666479031,73353800
2022-07-06,140.2364959716797,141.41396147233877,138.43104787251667,138.69598247615798,74064300
2022-07-07,143.6021728515625,143.79841470419998,140.58980726193488,140.59961411426397,66253700
2022-07-08,144.27919006347656,144.7796239540416,142.2774994180926,142.5326123028861,64547800
2022-07-11,142.14990234375,143.886672848055,141.08037188051733,142.93488446230452,63141600
2022-07-12,143.12135314941406,145.66272006961017,142.32656399441228,143.02322474684678,77588800
2022-07-13,142.75830078125,143.7002675399076,139.45156535802397,140.3052405126538,71185600
2022-07-14,145.68234252929688,146.1533259024835,140.56035155748177,141.3747693527097,78140700
2022-07-15,147.35040283203125,148.0274497717396,145.41739039952375,146.96772607988603,76259900
2022-07-18,144.30862426757812,148.7241323716371,143.9455611978647,147.90971463576915,81420900
2022-07-19,148.16482543945312,148.39050276940443,144.1516228338136,145.1426536934173,82982400
2022-07-20,150.16653442382812,150.83377461851506,147.5466677906739,148.28258588894056,64823400
2022-07-21,152.43316650390625,152.64903699884627,149.08718880462706,151.5991200487024,65086600
2022-07-22,151.19679260253906,153.34567541649065,150.52956751320949,152.47238671293337,66675400
2022-07-25,150.0782012939453,152.1289557716175,149.4207830391442,151.11829629325123,53623900
2022-07-26,148.75357055664062,150.21558479499407,147.96858832963514,149.4011670445513,55138700
2022-07-27,153.8461456298828,154.37601511646298,149.3030874727054,149.71519986654883,78620700
2022-07-28,154.39561462402344,154.68016301876492,151.51081343985047,154.0325515340952,81378700
2022-07-29,159.45870971679688,160.5576907977121,156.5052308137223,158.21256599444197,101786900
2022-08-01,158.47747802734375,160.51842568191043,157.8691239569894,157.9868660422736,67829400
2022-08-02,157.00564575195312,159.36059231885778,156.63279081571793,157.09396729027588,59907000
2022-08-03,163.0107879638672,163.46214273028536,157.7317967556544,157.82010334400223,82507500
2022-08-04,162.69676208496094,164.05085610462757,161.3426680652943,162.89300390623217,55474100
2022-08-05,162.4707794189453,162.96207295817032,160.1616937873522,160.36804367078585,56697000
2022-08-08,161.99911499023438,164.88792318870864,161.34078349494277,163.47299550022427,60276900
2022-08-09,162.04823303222656,162.93257025599664,160.40731467514888,161.16391080154307,63135500
2022-08-10,166.2930450439453,166.39129475740782,163.99377985120265,164.76019658442047,70170500
2022-08-11,165.55612182617188,168.01258981282774,165.26134266915503,167.0987759253846,57149200
2022-08-12,169.10324096679688,169.1720142653812,166.45024387983412,166.86294364369544,68039400
2022-08-15,170.1742401123047,170.370754508125,168.36628368181792,168.53332166791955,54091700
2022-08-16,170.01702880859375,170.6851957704937,168.6708894053126,169.77138205657383,56377100
2022-08-17,171.5105743408203,173.08270464114312,169.5650561598673,169.76157057327157,79542000
2022-08-18,171.11753845214844,171.8544787813878,170.1054749327735,170.72450960712317,62290100
2022-08-19,168.5333251953125,170.71466951867444,168.3269753298755,170.0170261568602,70346300
2022-08-22,164.652099609375,166.9022170896685,164.22957943165187,166.73517911017834,69026800
2022-08-23,164.31800842285156,165.77224787707962,163.74810620318166,164.1706263803019,54147100
2022-08-24,164.61280822753906,165.1827105189657,163.35509799580043,164.40647334198977,53841500
2022-08-25,167.06927490234375,167.17736007756102,165.41853585512217,165.84104108991514,51218200
2022-08-26,160.77085876464844,168.0714870002958,160.7119059513814,167.5998495010736,78961000
2022-08-29,158.56988525390625,160.06340660842702,157.03705202563728,158.34387946257124,73314000
2022-08-30,156.1428985595703,159.72933499269527,154.9736176696823,159.30682979347176,77906200
2022-08-31,154.48233032226562,157.78382326299328,154.403721562595,157.51852057324083,87991100
2022-09-01,155.2094268798828,155.66140843899763,151.97670771690994,153.91240502902684,74229900
2022-09-02,153.09689331054688,157.56766760419046,152.2715237467297,156.9682888748041,76957800
2022-09-06,151.83917236328125,154.35459275815265,151.0138028574181,153.7453935980758,73714800
2022-09-07,153.2442626953125,153.94189101263512,150.9351774352468,152.1241142058328,87449600
2022-09-08,151.7703857421875,153.63729493578492,150.0213671908206,151.9472441951636,84923800
2022-09-09,154.62973022460938,155.07190642293236,152.05535676886382,152.76282069447305,68028800
2022-09-12,160.58419799804688,161.39974706706778,156.52612358553827,156.81106723949068,104956000
2022-09-13,151.1611785888672,157.7445084078153,150.6993615052029,157.11565333541313,122656600
2022-09-14,152.6055908203125,154.3644300184662,150.9351958505273,152.0946413613245,87965400
2022-09-15,149.71676635742188,152.5368010537083,148.7440148881969,151.9570633678186,90481100
2022-09-16,148.0758514404297,148.71454195841454,145.7864220311532,148.57698038414023,162278800
2022-09-19,151.79002380371094,151.86863255679214,146.50371634850782,146.7100512063952,81474200
2022-09-20,154.16790771484375,155.3273682721185,150.41443284470995,150.7288529156578,107689800
2022-09-21,151.0432586669922,155.97584907691603,150.92535303740462,154.60021842835445,101696800
2022-09-22,150.08033752441406,151.78020876552435,148.28220159016286,149.7266056194288,86652500
2022-09-23,147.81056213378906,148.8324610577634,145.97312915554878,148.55733788432917,96029900
2022-09-26,148.14463806152344,151.09239889982268,147.0343100146429,147.05396595162924,93339400
2022-09-27,149.117431640625,152.0258964191408,147.33895116498724,150.08037791467922,84442700
2022-09-28,147.23081970214844,148.01689223253555,142.317885128587,145.06913148839868,146691400
2022-09-29,139.99900817871094,144.16518295071455,138.23034837016746,143.55598373619551,128138200
2022-09-30,135.79351806640625,140.60820327947016,135.59700366840286,138.8198877735382,124925300
2022-10-03,139.96954345703125,140.57875771553063,135.29243378870405,135.80338333009652,114311700
2022-10-04,143.55596923828125,143.67387488258018,141.7479977315321,142.504593932989,87830100
2022-10-05,143.85072326660156,144.8136692711772,140.51975411083046,141.56130887045842,79471000
2022-10-06,142.89764404296875,144.9709035584296,142.69130913468942,143.2710319630231,68402200
2022-10-07,137.65061950683594,140.60821619318722,137.02176437961742,140.05795483791823,85925600
2022-10-10,137.97488403320312,139.41928832461434,136.15710682488464,137.97488403320312,74899000
2022-10-11,136.55995178222656,138.88869341854974,135.8131909792421,137.46393012049913,77033700
2022-10-12,135.9310760498047,137.9159059012539,135.7542175942047,136.70732814205923,70433700
2022-10-13,140.50010681152344,141.08964995811803,132.03019750307845,132.63941157890508,113224000
2022-10-14,135.9704132080078,142.00349764686453,135.78371925254498,141.79714775053986,88598000
2022-10-17,139.93020629882812,140.41166429206842,137.82747089841786,138.6135434297954,85250900
2022-10-18,141.24685668945312,144.14548483681097,138.1615346456643,142.95656316967438,99136600
2022-10-19,141.35496520996094,142.42598143245377,139.03605931008337,139.22275323737964,61758300
2022-10-20,140.89315795898438,143.34962560942563,140.16603813694184,140.52960554450746,64522000
2022-10-21,144.7056121826172,145.2755145225026,140.16604940438248,140.38221977444553,86548600
2022-10-24,146.84765625,147.6140730780798,143.45773335763306,144.6270145421138,75981900
2022-10-25,149.68731689453125,149.83471395703802,146.75921150175503,147.476495894735,74732300
2022-10-26,146.74935913085938,149.3433879403945,145.46215770101213,148.3313246354716,88194300
2022-10-27,142.2786102294922,146.45460526216635,141.6202786941001,145.49167413504986,109180200
2022-10-28,153.02809143066406,154.75743900232175,145.24600486857483,145.6193777007102,164762400
2022-10-31,150.66989135742188,151.55422867895751,149.27461957607085,150.49303288896766,97943200
2022-11-01,148.0267333984375,152.74315424703352,146.5332118743015,152.3796018355527,80379300
2022-11-02,142.5045928955078,149.5202635488904,142.47511648464766,146.35633217647393,93604600
2022-11-03,136.46168518066406,140.3134243600425,136.33394407491397,139.58630459413143,97918500
2022-11-04,136.1959686279297,140.4182534262788,132.25910018387182,139.84740569973505,140814800
2022-11-07,136.72743225097656,136.95379796987663,133.52872680415337,134.94600177423487,83374600
2022-11-08,137.29827880859375,139.19781051108808,135.32000793975288,138.19391993058036,89908500
2022-11-09,132.7413330078125,136.363259132224,132.46575346788492,136.31404528196006,74917800
2022-11-10,144.55197143554688,144.55197143554688,137.29829567413785,139.01083896213112,118854000
2022-11-11,147.3372802734375,147.64238513720315,142.0914019190675,143.5185285677149,93979700
2022-11-14,145.93968200683594,147.9081158240503,145.10309162733654,146.6187940766482,73374100
2022-11-15,147.6719207763672,151.16589433590542,146.2152837355369,149.81752177217496,89868300
2022-11-16,146.441650390625,147.50460662223392,144.96532479416157,146.77629560614008,64218300
2022-11-17,148.3411865234375,149.0891860323431,143.8433076526517,144.11888720950952,80389400
2022-11-18,148.90219116210938,150.2899408094876,147.60303246304494,149.9060967599958,74829600
2022-11-21,145.6739501953125,147.99670287508093,145.3885338782466,147.790025718782,58724100
2022-11-22,147.80970764160156,148.04592513732047,144.6110022662971,145.7920747269315,51804100
2022-11-23,148.68568420410156,149.4336837921187,146.98297781162248,147.09124229312135,58301400
2022-11-25,145.77239990234375,146.5302512983949,144.7980195359923,145.9692403249909,35195900
2022-11-28,141.94381713867188,144.32562115102257,141.11707822885703,142.8492952329401,69246000
2022-11-29,138.94189453125,142.5244433578434,138.13484450256723,142.012646377485,83763800
2022-11-30,145.6936492919922,146.37276146207836,138.33170993361605,139.16828541868128,111380900
2022-12-01,145.9691925048828,146.77625749668832,144.29602693357575,145.87077983478045,71250400
2022-12-02,145.4771270751953,145.66413072697534,143.35121453595042,143.6563344518848,65447400
2022-12-05,144.31576538085938,148.5380503426706,143.46933803189978,145.43777233013495,68826400
2022-12-06,140.65444946289062,144.9751613197971,139.68006926529813,144.74879562385667,64727200
2022-12-07,138.71556091308594,141.10720126498546,137.79039443330282,139.9458322919547,69721100
2022-12-08,140.3985595703125,141.25483863673134,138.87303512029186,140.11314322681335,62128300
2022-12-09,139.91629028320312,143.27247380855323,138.67616726979998,140.09344213199822,76097000
2022-12-12,142.20948791503906,142.2193246763725,138.83361655110005,140.44773146920014,70462700
2022-12-13,143.17405700683594,147.60303377953338,141.9634742273276,147.1404505596148,93886200
2022-12-14,140.9497528076172,144.34529916781915,138.93210452988586,143.05597702965818,82291200
2022-12-15,134.3456268310547,139.5619801804679,133.88304361781863,138.88286801559113,98931900
2022-12-16,132.38699340820312,135.47743349054232,131.61930552276547,134.53259379367577,160156900
2022-12-19,130.28079223632812,133.0661279935264,129.24737645818792,132.97755207276447,79592600
2022-12-20,130.2119140625,131.14691722297425,127.83994745250583,129.31627297471567,77432800
2022-12-21,133.3122100830078,134.6507460089221,130.65482677922608,130.881192518899,85928000
2022-12-22,130.1430206298828,132.43624823454394,128.24348886904642,132.22957105725172,77852100
2022-12-23,129.77883911132812,130.32999816428637,127.59387642427377,128.85367283616628,63814900
2022-12-27,127.97775268554688,129.3359771357154,126.68843064335461,129.3064518231432,69007800
2022-12-28,124.05069732666016,128.96193748980502,123.88338225804115,127.6234019228951,85438400
2022-12-29,127.56438446044922,128.42064856881274,125.7140589354878,125.9699499861123,75703700
2022-12-30,127.87932586669922,127.89901441454006,125.41879052423468,126.38332662595286,77034200
2023-01-03,123.09603118896484,128.83401111884518,122.21023430585915,128.2238013285794,112117500
2023-01-04,124.36566162109375,126.62936374107429,123.10586505340991,124.88729543343348,89113600
2023-01-05,123.04681396484375,125.75341088924934,122.79092293482029,125.12351256937882,80962700
2023-01-06,127.57418823242188,128.2336117453076,122.91884655664052,124.02117217456781,87754700
2023-01-09,128.09584045410156,131.30439758356596,127.83994943275363,128.41079711233908,70790800
2023-01-10,128.6666717529297,129.1883055110105,126.09786503081405,128.20408860626057,63896200
2023-01-11,131.38314819335938,131.402821722743,128.40097153395064,129.17849644752224,69458900
2023-01-12,131.30442810058594,132.14100375978632,129.3655188993163,131.7670114136582,71379600
2023-01-13,132.63308715820312,132.79056549396478,129.58202324711493,129.94617875784812,57809700
2023-01-17,133.7945098876953,135.12319430861046,132.0130788747427,132.70202802091703,63646600
2023-01-18,133.0759735107422,136.42230495988363,132.8988066595986,134.66056331872014,69672800
2023-01-19,133.13504028320312,134.0995687562006,131.65871475561192,131.96381962844052,58280400
2023-01-20,135.69403076171875,135.8416723635982,132.10164371877548,133.14491162634963,80223600
2023-01-23,138.8828582763672,141.0579844042408,135.72351517113088,135.94004410758743,81760300
2023-01-24,140.28045654296875,140.90051809732327,138.0856567013407,138.0954934654877,66435100
2023-01-25,139.62103271484375,140.18202862963406,136.61916767862735,138.6663409653264,65799300
2023-01-26,141.68789672851562,141.9733130723702,139.66039693887691,140.91035682918778,54105100
2023-01-27,143.6267852783203,144.9062704324847,140.82177572822627,140.90051489349364,70555800
2023-01-30,140.74302673339844,143.2527830109075,140.59540019505755,142.67209860282117,64015300
2023-01-31,142.01266479492188,142.06187864867766,140.03439402480078,140.4477633640219,65874500
2023-02-01,143.13470458984375,144.2960887309056,139.08958619067016,141.69775584370586,77663600
2023-02-02,148.43960571289062,148.7939093931277,145.831421817907,146.5498959772077,118339000
2023-02-03,152.0615234375,154.8960731461596,145.4967979818679,145.69363837431163,154357300
2023-02-06,149.335205078125,150.68359225413866,148.4002021579108,150.1619585717679,69858300
2023-02-07,152.2091522216797,152.77999988075524,148.2624474794368,148.2624474794368,83322600
2023-02-08,149.52224731445312,152.14026818212696,148.78408455222657,151.45131927430748,64120100
2023-02-09,148.4888458251953,151.89424398332804,148.04595108381588,151.3529215136586,56007100
2023-02-10,148.853515625,149.17880490718028,147.08908410868764,147.32566223415182,57450700
2023-02-13,151.65301513671875,152.05714887131725,148.76484796074135,148.7944183549585,62199000
2023-02-14,151.0122528076172,151.57412024796835,148.70567235340334,149.94767374239032,61707600
2023-02-15,153.11183166503906,153.27940219693946,150.6968215839401,150.92353288699502,65573800
2023-02-16,151.51498413085938,154.09756497312395,151.16012443154224,151.3178281549916,68167900
2023-02-17,150.3715362548828,150.8151070910907,148.69581585093724,150.17439533222245,59144100
2023-02-21,146.3596649169922,149.1394018439348,146.29067235544917,148.05510409777494,58867200
2023-02-22,146.78353881835938,147.8086807909047,145.0585291708209,146.74410160351695,51011300
2023-02-23,147.2665252685547,148.1931042440918,145.1373820304515,147.94667430552937,48394200
2023-02-24,144.6149444580078,145.0880857046954,143.6390765358812,145.0092263234326,55469600
2023-02-27,145.8076629638672,147.039812645864,145.34437348016522,145.60067024018994,44998500
2023-02-28,145.30491638183594,146.95106615639693,144.73319726190502,144.9500567570818,50547000
2023-03-01,143.23492431640625,145.12750429739225,142.9392054041828,144.73322244168676,55479000
2023-03-02,143.82635498046875,144.61493369350907,141.8450488958328,142.31820514818978,52238100
2023-03-03,148.8732452392578,148.95210462024477,145.2260853537234,145.9259379185379,70732300
2023-03-06,151.63328552246094,154.0680147422593,151.26857399298945,151.59384830577196,87558000
2023-03-07,149.43511962890625,151.83041139396585,148.9718301446463,151.50512207262017,56182000
2023-03-08,150.6869659423828,151.27840377958802,149.6618240709013,150.6278251668401,47204800
2023-03-09,148.4395294189453,152.33311931510104,148.08466971716794,151.36711819838627,53833600
2023-03-10,146.37936401367188,148.7845223003039,145.50207415084836,148.06495118697146,68572400
2023-03-13,148.3212432861328,150.95311305935627,145.59079552733544,145.69922529511118,84457100
2023-03-14,150.41098022460938,151.209410853691,147.95654755608294,149.11968969699433,73695900
2023-03-15,150.80528259277344,151.06156433450928,147.77911548729296,149.03098388604963,77167900
2023-03-16,153.62440490722656,154.22569446185167,149.4745187940127,149.98709719489494,76161100
2023-03-17,152.7865447998047,154.50170239485772,152.07682545294745,153.85112382009055,98944600
2023-03-20,155.15232849121094,155.56634414456235,151.94873835684245,152.85561403086595,73641400
2023-03-21,157.0054473876953,157.1237289497417,154.3045697408097,155.07344501678244,73938300
2023-03-22,155.57614135742188,159.82459083880553,155.55642275206148,157.02515051318744,75701800
2023-03-23,156.66041564941406,159.2430113419942,155.4282660956086,156.5618527096425,67622100
2023-03-24,157.9615936279297,158.0503047976887,155.59587218901564,156.5914437450547,59196500
2023-03-27,156.01974487304688,158.47419284355544,155.6155961034445,157.65604352005258,52390300
2023-03-28,155.39871215820312,156.22672817707905,153.7525619849842,155.714149696992,45992200
2023-03-29,158.47418212890625,158.75018247951246,157.07446176772007,157.09416533498404,51305700
2023-03-30,160.04147338867188,160.14990317241256,158.96704237580855,159.22332411879057,49501700
2023-03-31,162.54518127441406,162.64375926608275,159.59788883873148,160.120319104618,68749800
2023-04-03,163.7970733642578,163.91535493872908,161.87492257463953,161.92421157763323,56976200
2023-04-04,163.2647705078125,164.45748300799937,162.75219201536794,164.22091988909426,46278300
2023-04-05,161.4214630126953,162.69304993016723,159.48946069965245,162.38747921010668,51511700
2023-04-06,162.3086395263672,162.60435849941234,159.6866210280676,160.11047335808198,45390100
2023-04-10,159.71617126464844,159.71617126464844,157.7940207437735,159.11488161033475,47716900
2023-04-11,158.50372314453125,160.04144339602837,158.21785602238293,160.03159161422226,47644200
2023-04-12,157.8137664794922,159.7457691153541,157.49832888292315,158.917767985699,50133100
2023-04-13,163.19577026367188,163.43234843413578,159.11489082873655,159.3218986080038,68445600
2023-04-14,162.85076904296875,163.94491858408577,161.48061917083933,162.23961256067847,49386500
2023-04-17,162.8704833984375,163.02820218114718,161.6876226098968,162.73248322378927,41516200
2023-04-18,164.09275817871094,165.019337094876,163.28446081239204,163.72804670609275,49923000
2023-04-19,165.2362060546875,165.7586363174907,163.17604035173306,163.43233711220313,47720200
2023-04-20,164.27017211914062,165.47275128415967,163.19574132050678,163.71817152684758,52456400
2023-04-21,162.66348266601562,164.07305473489896,162.14105238473394,162.69305305620966,58337300
2023-04-24,162.9690399169922,163.23518844762253,161.5496011414824,162.64375061086378,41949600
2023-04-25,161.4313201904297,163.93504162144998,161.3918829793584,162.83104036567903,48714100
2023-04-26,161.4214630126953,162.91976126426218,160.47518046288778,160.73146218660858,45498800
2023-04-27,166.0050506591797,166.15290259103057,162.83103216774902,162.83103216774902,64902300
2023-04-28,167.25689697265625,167.42448254310634,165.48261369922477,166.08390326571939,55275900
2023-05-01,167.168212890625,168.01593249804148,166.2317821133474,166.86264216717663,52472900
2023-05-02,166.13320922851562,167.91737470896658,165.1474894240389,167.66107793363267,48425700
2023-05-03,165.05877685546875,168.47922575134587,164.77292473257992,167.07950544573387,65136000
2023-05-04,163.42245483398438,164.65460440159984,161.96359395737636,162.53531316165655,81235400
2023-05-05,171.0913848876953,171.8109560965244,168.32149974515366,168.5383592942621,113453200
2023-05-08,171.0223846435547,171.36739258858663,169.65223472844943,170.0169462399646,55962800
2023-05-09,169.31710815429688,171.06182151405454,169.14953757945023,170.5788283985824,45326900
2023-05-10,171.0814971923828,171.5447866234223,169.44519899087683,170.54921520825656,53724500
2023-05-11,171.268798828125,172.09679977091955,169.71135988855104,171.3673768150292,49514700
2023-05-12,170.34095764160156,171.8117019924622,168.79122976444327,171.3773829679925,45533100
2023-05-15,169.84742736816406,170.97270170588305,169.25517137496644,170.92334452950067,37266700
2023-05-16,169.84742736816406,170.9035986466086,169.58091066505557,169.76845889829133,42110300
2023-05-17,170.45938110351562,170.6962714054677,168.21869827349877,169.49204389326178,57951600
2023-05-18,172.7889404296875,172.97648867280256,170.3508433925847,170.76541658498283,65496700
2023-05-19,172.89752197265625,174.11163026725697,172.68036243226308,174.11163026725697,55809500
2023-05-22,171.94989013671875,172.45331220735133,171.2095777379714,171.73273062815065,43570900
2023-05-23,169.343994140625,171.140492823502,169.06761204505847,170.89372201948225,50747300
2023-05-24,169.62039184570312,170.19290197111815,168.31744971265542,168.88007936551583,45143500
2023-05-25,170.75552368164062,171.65375792303627,169.47231254318322,170.18301363335365,56058300
2023-05-26,173.1639862060547,173.49960591702484,170.87396117733175,171.08125526170468,54835000
2023-05-30,175.00985717773438,176.67803022234617,174.28929064745816,174.6742524991613,55964400
2023-05-31,174.96047973632812,177.03336027410137,174.47680359439627,175.0394481918492,99625300
2023-06-01,177.7637939453125,177.79340523372372,174.64460769798924,175.40466591116137,68901800
2023-06-02,178.61270141601562,179.43198227661338,176.94452840385708,178.69166987914852,61996900
2023-06-05,177.26040649414062,182.56103856696868,175.74028990045602,180.27101332814428,121946500
2023-06-06,176.8951873779297,177.79342164547316,175.13816542041533,177.64536518975015,64848400
2023-06-07,175.5231170654297,178.86932803839457,175.0295755351299,176.13510374325992,61944600
2023-06-08,178.2375946044922,178.5040961851235,175.16776569867469,175.60206959137867,50214900
2023-06-09,178.62255859375,179.87614324556046,178.29681937394096,179.15557682326966,48900000
2023-06-12,181.41598510742188,181.51469943599687,178.63241876957142,178.9285466936045,54274900
2023-06-13,180.9422149658203,181.7713612206094,180.08345742062403,180.4388079672042,54929100
2023-06-14,181.57394409179688,182.00826309164242,179.668880824476,181.00143405215442,57462900
2023-06-15,183.60733032226562,184.11075236554325,181.40613912687283,181.58382192499832,65433200
2023-06-16,182.5314178466797,184.57468723659963,181.88981981135748,184.31803597311566,101256200
2023-06-20,182.62026977539062,183.69620198313194,182.02802885230534,182.02802885230534,49799100
2023-06-21,181.58383178710938,183.015099412311,180.23151756348105,182.51167734169172,49515700
2023-06-22,184.5845489501953,184.63390612000734,181.29756025506936,181.3666633051449,51245300
2023-06-23,184.26869201660156,185.13733008755815,182.62026481317798,183.15329819733586,53117000
2023-06-26,182.8769073486328,185.6209974197008,182.83741558637178,184.4167547195407,48088700
2023-06-27,185.630859375,185.9565986299679,183.27173119056016,183.48889069387212,50730800
2023-06-28,186.80548095703125,187.4470789620611,185.17679982937508,185.5025240055518,51216800
2023-06-29,187.14111328125,187.6149240946042,186.49951518133068,186.63770623646846,46347300
2023-06-30,191.4645233154297,191.96793030893548,188.7895213028153,189.15475231695294,85213200
2023-07-03,189.97402954101562,191.37568580561538,189.28305928715224,191.27697146600818,31458200
2023-07-05,188.858642578125,190.48732393792235,188.15780683402295,189.09554798353173,46920300
2023-07-06,189.33241271972656,189.53970680413252,186.75612514844465,187.3878577490578,45094300
2023-07-07,188.21702575683594,190.1813268348204,187.78272178125238,188.93760736945495,46815000
2023-07-10,186.1737823486328,187.5359621262765,184.6240543335807,186.81538047079187,59922200
2023-07-11,185.65061950683594,186.85486227702734,184.18974051380027,186.71667122446578,46638100
2023-07-12,187.3188018798828,189.2238654174545,186.0355905787657,187.22995293607858,60750200
2023-07-13,188.078857421875,188.72047064505801,187.32867948795456,188.03938071448837,41342300
2023-07-14,188.22689819335938,188.71055932283986,187.18059240914323,187.77283329330808,41616200
2023-07-17,191.4842987060547,191.81003800912126,189.3324492359564,189.4212831199665,50520200
2023-07-18,191.2276611328125,191.81991719212752,189.93458430039524,190.85257968616378,48288200
2023-07-19,192.5799560546875,195.66951651285706,190.1615899429346,190.60578947313948,80507300
2023-07-20,190.6353759765625,193.93223012421538,190.01350876450033,192.57005054034346,59581200
2023-07-21,189.4607696533203,192.4516308259383,188.75993388819955,191.5928731808388,71951700
2023-07-24,190.2602996826172,192.3924031537896,189.76675804919924,190.91177825353577,45377800
2023-07-25,191.11903381347656,191.92844922240585,190.4280786239598,190.83278632842445,37283200
2023-07-26,191.98765563964844,193.11292972833346,190.82290485561143,191.1683748904412,47471900
2023-07-27,190.72421264648438,194.65279947329122,190.06286872536143,193.48804855415668,47460200
2023-07-28,193.30050659179688,194.09017617119656,191.63233355900982,192.15548645475204,48291400
2023-07-31,193.91249084472656,193.95198260711592,192.7378594315981,193.52752900074864,38824100
2023-08-01,193.0833740234375,194.1889025518439,192.7576347116685,193.7052413515144,35175100
2023-08-02,190.0924835205078,192.65889079076135,189.37191700535638,192.52069974591456,50389300
2023-08-03,188.70068359375,189.8851803589987,188.22688789998924,189.09552588996192,61235200
2023-08-04,179.6392822265625,184.95966022717982,179.57017917093492,183.12368481919472,115956800
2023-08-07,176.53982543945312,180.76454006954836,175.05920073091434,179.7774569305225,97576100
2023-08-08,177.47756958007812,177.94149990785485,175.2862435821482,177.3689898212007,67823000
2023-08-09,175.88836669921875,178.59296516430098,174.72360063232372,178.53374257918168,60378500
2023-08-10,175.6711883544922,178.41527829006225,175.30597241092943,177.1616784798233,54686900
2023-08-11,175.73049926757812,176.5508864753638,174.5048729038775,175.2659575562626,52036700
2023-08-14,177.38113403320312,177.60846548002914,175.25603067938326,175.90838882978548,43675600
2023-08-15,175.39443969726562,177.40092323969566,174.99907927707545,176.8078826094104,43622600
2023-08-16,174.524658203125,176.47182426987777,174.4554618287455,175.0781688700227,46964900
2023-08-17,171.9844207763672,175.4537562487029,171.47044012349116,175.08804707675128,66062900
2023-08-18,172.46875,173.0716844916875,169.96805819399307,170.30411608587545,61172200
2023-08-21,173.80308532714844,174.08973444525807,171.7274205434044,173.0420157807921,46311900
2023-08-22,175.17701721191406,175.6218015319945,174.20837345764443,175.00898825019638,42038900
2023-08-23,179.02191162109375,179.44693836874362,176.26423745502308,176.45203891919172,52722800
2023-08-24,174.33682250976562,179.00214733275968,173.9710983264249,178.57712060131817,54945800
2023-08-25,176.54098510742188,177.0747231196245,173.78331106065053,175.3252376314931,51449600
2023-08-28,178.10269165039062,178.49805204021447,176.48168992086147,178.0038440119186,43820700
2023-08-29,181.98719787597656,182.75816135607317,177.42071955816803,177.6183997947506,53003900
2023-08-30,185.4762725830078,185.67396786591692,182.5999932338842,182.79767343476072,60813900
2023-08-31,185.69374084472656,186.92926105598286,185.30825914209595,185.66408956621913,60794500
2023-09-01,187.26535034179688,187.7200133732383,186.09901131803056,187.29500162288934,45766500
2023-09-05,187.50254821777344,187.7793035443977,185.43676200045883,186.09899903788357,45280000
2023-09-06,180.7912139892578,186.66240873519862,179.36789222272253,186.21760937163043,81755800
2023-09-07,175.503173828125,176.1456533918577,171.52973657694065,173.15073850258275,112488800
2023-09-08,176.11598205566406,178.15213198996554,175.7305003611282,176.2840260730559,65551300
2023-09-11,177.28233337402344,178.21144703159865,175.2857283917044,177.9841155245434,58953100
2023-09-12,174.2577667236328,178.043402311121,172.79491507430095,177.4108165912451,90370200
2023-09-13,172.19200134277344,175.24620393193433,171.96465474647994,174.46534664942806,84267900
2023-09-14,173.70423889160156,174.06006926639952,171.56925664281374,171.98438956640607,60895800
2023-09-15,172.98269653320312,174.45544195430384,171.806494041059,174.43566940930017,109259500
2023-09-18,175.90841674804688,177.30208708635865,174.1292647291417,174.43567131089117,67257600
2023-09-19,176.99569702148438,177.54920768301113,175.07816717117066,175.4636488877364,51826900
2023-09-20,173.4571533203125,177.61837681135137,173.36818440563272,177.18347129792434,58436200
2023-09-21,171.9152069091797,174.25776334751873,171.846025624082,172.5280351536478,63149100
2023-09-22,172.7652587890625,175.02874030453424,172.03384046276338,172.64665367280514,56725400
2023-09-25,174.0403289794922,174.92001880772483,172.13267784152856,172.18210166869468,46172700
2023-09-26,169.9680633544922,173.17052232124786,169.6715354659317,172.79493440563715,64588900
2023-09-27,168.4557342529297,171.03550065621633,167.09173040755883,170.62036773962245,66921800
2023-09-28,168.71273803710938,170.03721192481018,165.678293523344,167.3783703364052,56294400
2023-09-29,169.22671508789062,171.06516950648842,168.3667828862352,170.027329658855,51861100
2023-10-02,171.73728942871094,172.28092127496365,168.94994891630552,169.2365980179806,52164500
2023-10-03,170.4029541015625,171.61871693838452,168.84126971126884,170.26457643095287,49594600
2023-10-04,171.6483612060547,172.19199313339385,168.98951921036945,169.10812432832188,53020300
2023-10-05,172.88389587402344,173.4176340313492,170.67971670138417,171.77685938003185,48527900
2023-10-06,175.43397521972656,175.9281832590251,171.17388925206592,171.78671747657816,57266700
2023-10-09,176.9166259765625,176.97592853708252,173.7635757979471,174.76187075811515,42390800
2023-10-10,176.32354736328125,177.6381425852869,175.88864186643335,176.03691333055846,43698000
2023-10-11,177.71722412109375,177.76664794425923,175.54271164011269,176.13575227199846,47551100
2023-10-12,178.61669921875,180.2278073787141,176.96603088257305,177.98411345020415,56743100
2023-10-13,176.77822875976562,179.82253713140665,176.07644667980117,179.31845034069394,51427100
2023-10-16,176.6497344970703,177.0055649122618,174.46532818230494,174.70255348644375,52517000
2023-10-17,175.09791564941406,176.35320838797153,172.77514673671925,174.60370757241088,57549400
2023-10-18,173.80308532714844,175.52293478970745,173.08154578913502,173.54610256783715,54764400
2023-10-19,173.427490234375,175.7799102245973,173.16061367257353,174.00075828264139,59302900
2023-10-20,170.8773956298828,173.3879661145723,170.64017031492207,173.27923973046956,64244000
2023-10-23,170.99598693847656,171.99428177951037,167.96154224302492,168.93020088937016,55980100
2023-10-24,171.430908203125,171.6582397062376,169.46395453488128,171.04542648826694,43816600
2023-10-25,169.11798095703125,171.05526784044204,168.67318169844384,169.88894421827058,57157000
2023-10-26,164.956787109375,169.39478149468584,163.7509180796386,168.39647143119544,70625300
2023-10-27,166.2713623046875,167.00279566914165,164.89746448966903,164.97653958977486,58499100
2023-10-30,168.31739807128906,169.18720920526536,166.91384879366788,167.06212028170575,51131000
2023-10-31,168.7918243408203,168.92030818010912,165.9550598323106,167.38827526603964,44846000
2023-11-01,171.9547576904297,172.2117404582064,168.14934950515965,169.01916053768616,56934900
2023-11-02,175.5130615234375,175.7206204672586,173.42750286114074,173.4868054165182,77334800
2023-11-03,174.60369873046875,174.77174274032964,171.34193765305042,172.22162738228718,79829200
2023-11-06,177.15383911132812,177.3515193436343,174.1688329148246,174.33686186638658,63841300
2023-11-07,179.71380615234375,180.32661925220768,176.89681449142668,177.10437340755996,70530000
2023-11-08,180.7714080810547,181.32491864766183,179.48646421884135,180.23767005812115,49340300
2023-11-09,180.2969970703125,181.98718027395728,179.70394133589065,180.8406289798602,53763500
2023-11-10,184.48350524902344,184.6517706680945,181.64301825007877,182.07849676599454,66133400
2023-11-13,182.8999481201172,184.11729742228064,182.31601793716675,183.9094650326421,43627500
2023-11-14,185.51280212402344,186.17591157835597,184.38452385663774,185.77012344749633,60108400
2023-11-15,186.0769500732422,187.55163591900057,185.84931907084464,185.91860660743325,53790500
2023-11-16,187.7594451904297,188.99659293267834,186.71033121940587,187.62088524737388,54412900
2023-11-17,187.7397003173828,188.42260848281387,186.63122045575878,188.29394024819484,50922700
2023-11-20,189.4815673828125,189.93684445013852,187.92771748948175,187.93760923589429,46505100
2023-11-21,188.67990112304688,189.55085808280586,187.78916067013205,189.44198846283598,38134500
2023-11-22,189.34300231933594,190.9463411053134,188.8679417719912,189.52115946327928,39617700
2023-11-24,188.01678466796875,188.93721542830764,187.30418629136327,188.9075250877743,24048300
2023-11-27,187.83860778808594,188.70956462396614,186.9577592070347,187.96727598481397,40552600
2023-11-28,188.44236755371094,189.11538388382388,187.45264920500045,187.82874701011957,38415400
2023-11-29,187.42295837402344,190.11499348364924,187.02707707633283,188.93722623545,43014200
2023-11-30,187.9969940185547,188.36320007044645,186.2550951920731,187.88812439803064,48794400
2023-12-01,189.2737579345703,189.59045997908729,187.28441422563267,188.3731105390764,45704800
2023-12-04,187.4822998046875,188.0959353201035,185.52266211817906,188.0266478014677,43389500
2023-12-05,191.43128967285156,192.4012092663407,188.22459731438218,188.2543027537032,66628400
2023-12-06,190.34263610839844,192.75753614335477,190.1347886146608,192.45072587794942,41089700
2023-12-07,192.2725830078125,192.99507315570867,191.59956669458757,191.63916388460834,47477700
2023-12-08,193.69775390625,193.97487379172213,191.67872033849463,192.20326977184553,53406400
2023-12-11,191.1938018798828,191.50062728331056,189.45190285406377,191.12452944175106,60943700
2023-12-12,192.7080535888672,192.71794533501543,189.748790485074,191.09480795445688,52696900
2023-12-13,195.92466735839844,195.96424945082313,192.84664243214013,193.08416519049783,70404200
2023-12-14,196.0731201171875,197.56758952005956,194.14317218582164,195.98404908233329,66831600
2023-12-15,195.53866577148438,196.36011872958818,194.9745190512041,195.4990685795855,128538400
2023-12-18,193.87591552734375,194.60831249977454,192.39133809002112,194.0738561652729,55751900
2023-12-19,194.91510009765625,194.924991842737,193.87589299194337,194.1431211281326,40714100
2023-12-20,192.82684326171875,195.64753172216422,192.82684326171875,194.87555255598716,52242800
2023-12-21,192.6783447265625,195.0536776254948,191.51048442189503,194.08375795359612,46482500
2023-12-22,191.60946655273438,193.40085423729087,190.98593919883143,193.17320815773428,37149600
2023-12-26,191.06512451171875,191.89648427525853,190.84738527337694,191.6193643540786,28919300
2023-12-27,191.16409301757812,191.5105004803971,189.12527563548673,190.5108903848591,48087700
2023-12-28,191.58969116210938,192.65858885458314,191.18390299052217,192.14393105407996,34049900
2023-12-29,190.55044555664062,192.40121377472641,189.75866796911842,191.90635467026271,42672100
2024-01-02,183.7313232421875,186.50253778362813,181.99931604152513,185.22579259007347,82488700
2024-01-03,182.3555908203125,183.96883642924203,181.5440145919006,182.32590048043423,58414500
2024-01-04,180.0396728515625,181.2075332827541,179.02026413555495,180.277195595857,71983600
2024-01-05,179.317138671875,180.8808952614232,178.31752871293088,180.1188231104021,62379700
2024-01-08,183.6521453857422,183.69174257913158,179.63389106527006,180.21782130157615,59144500
2024-01-09,183.23643493652344,183.24632668227045,180.8512103460259,182.0289774717032,42841800
2024-01-10,184.27566528320312,184.48349768333688,182.02900036017593,182.4545871112419,46792900
2024-01-11,183.6818084716797,185.12680377786887,181.73206228896322,184.6220377994394,49128400
2024-01-12,184.00843811035156,184.82001442518902,183.28594792653803,184.14699807850627,40477800
2024-01-16,181.7419891357422,182.3655014396163,179.06973745492456,180.28710192352952,65603000
2024-01-17,180.80172729492188,181.04915686376333,178.44620806884475,179.40623600410183,47317400
2024-01-18,186.69056701660156,187.1953179109023,183.91935276727983,184.17667408756796,78005800
2024-01-19,189.59043884277344,189.97642838325277,186.8786203129096,187.38337121910467,68903000
2024-01-22,191.896484375,193.32168117146784,190.2832386815117,190.32283587135973,60133900
2024-01-23,193.1732177734375,193.73736447446063,191.83710707958323,193.01487431695855,42355600
2024-01-24,192.5001983642578,194.36087349468033,192.3418398208385,193.41073733606618,53631300
2024-01-25,192.17359924316406,194.2520137003454,191.124500268323,193.21280647175473,54822100
2024-01-26,190.44158935546875,192.7575265029299,189.96652881027472,192.27257421163478,44594000
2024-01-29,189.75869750976562,190.22386634852867,187.63080907007364,190.03581744325376,47145600
2024-01-30,186.1066131591797,189.82796344587697,185.54248160944437,188.9768051464624,55859400
2024-01-31,182.50404357910156,185.17629499887522,182.45456974695213,185.11689921687164,55467800
2024-02-01,184.93875122070312,185.02782223798647,181.93001441121828,182.0982647000541,64885400
2024-02-02,183.93914794921875,185.40392677166545,177.4070012757119,178.01073002917815,102551700
2024-02-05,185.75030517578125,187.30417000412038,183.92922730587782,186.21547393955785,69668800
2024-02-06,187.35369873046875,187.36359047791993,184.8497123520045,184.93878338477884,43490800
2024-02-07,187.46258544921875,189.08572319154771,186.67080762571308,188.679934980489,53439000
2024-02-08,186.38375854492188,187.59120098390878,185.42373058041275,187.44274927884152,40962000
2024-02-09,187.14682006835938,188.27653811843788,186.30447993507684,186.9486117161699,45155200
2024-02-12,185.46214294433594,186.9684387436886,185.10538907399385,186.72069342042812,41781900
2024-02-13,183.3711700439453,184.53063145226378,181.85496988989732,184.09459726813964,56529500
2024-02-14,182.48919677734375,183.85675578337245,180.79462725534452,183.64865818230027,54630500
2024-02-15,182.20179748535156,182.82612045767794,179.71444020641266,181.89459574378543,65434500
2024-02-16,180.66578674316406,183.18288755084293,180.03155935687485,181.76577652013776,49752500
2024-02-20,179.92254638671875,180.78469520216953,178.3766181157698,180.15046783149373,53665600
2024-02-21,180.6757049560547,181.24055639365764,179.03067248659073,180.2991272502037,41371400
2024-02-22,182.70721435546875,183.29190480468338,180.81445159653885,181.82524161821627,52292200
2024-02-23,180.87388610839844,183.37114775196545,180.58649310326592,183.34141952676862,45119700
2024-02-26,179.52618408203125,181.11174516126204,179.02077391854948,180.59644574912906,40867400
2024-02-27,180.98291015625,182.26126931281985,177.94059046680667,179.46671005654383,54318900
2024-02-28,179.78379821777344,181.46846314665845,178.50543918901624,180.86396404098633,48953900
2024-02-29,179.11985778808594,180.92345088953732,177.9108594746495,179.63517226295397,136682600
2024-03-01,178.03968811035156,178.90183692569335,175.78025215753124,177.93067957222544,73563100
2024-03-04,173.5208282470703,175.30458245485661,172.2226300679557,174.56134649455421,81510100
2024-03-05,168.5857391357422,170.48842147609815,168.09024847040442,169.21996658252752,95132400
2024-03-06,167.5947265625,169.6956168742887,167.1586924388991,169.51723240501005,68587700
2024-03-07,167.475830078125,169.1902233947002,166.97043508778398,167.62447121611535,71765100
2024-03-08,169.1902313232422,172.13344696276567,167.41638146834518,167.47583792632756,76267000
2024-03-11,171.1920166015625,172.80732093128213,170.49833272784605,171.38030546468005,60139500
2024-03-12,171.66769409179688,172.46048219171502,169.4677142970823,171.58841376968752,59825400
2024-03-13,169.5866241455078,171.62804307697533,169.21995080494636,171.21183277143888,52488700
2024-03-14,171.4397430419922,172.73792596009017,170.49831395125625,171.35055836544484,72913500
2024-03-15,171.06317138671875,171.06317138671875,168.75418335618096,169.62625165850892,121752700
2024-03-18,172.15325927734375,176.107279800922,171.95506605696912,173.98658058844927,75604200
2024-03-19,174.4919891357422,175.0172080151,171.46949314620932,172.76767622994936,55215200
2024-03-20,177.05860900878906,177.05860900878906,173.51089450186836,174.1352174960067,53423100
2024-03-21,169.82444763183594,175.8892630091755,169.29922879245808,175.45322885093574,106181300
2024-03-22,170.72625732421875,171.48931715990707,168.5262776263353,170.210942813777,71160100
2024-03-25,169.30914306640625,170.3893089389317,167.92176032191367,169.03166954174233,54288300
2024-03-26,168.17942810058594,169.87399750483326,168.0505957042821,168.4668059986792,57388400
2024-03-27,171.7469482421875,172.0343412561863,168.575811446925,168.87310882923745,60273300
2024-03-28,169.93344116210938,170.67667701496117,168.97218824939392,170.2010103030642,65672700
2024-04-01,168.49655151367188,169.70554992575666,167.9515087670476,169.64609346633853,46240500
2024-04-02,167.3172607421875,167.81275133793278,166.71276161053132,167.55510167176752,49329500
2024-04-03,168.1199493408203,169.14065873561202,167.05960735256843,167.26770493028647,47691700
2024-04-04,167.29747009277344,170.3695030458197,167.29747009277344,168.75419869027797,53704400
2024-04-05,168.05059814453125,168.85329051832247,167.42627513328318,168.06050251317026,42104800
2024-04-08,166.93077087402344,167.67400673287588,166.72267330140122,167.50554175274334,37425500
2024-04-09,168.13978576660156,168.5460917055098,166.83169838821917,167.17853275073267,42373800
2024-04-10,166.26681518554688,167.56499806522814,165.60285963338822,167.27762018668898,49709300
2024-04-11,173.4613494873047,173.87757491447604,166.64340884278624,166.8217782077108,91070300
2024-04-12,174.957763671875,176.75143752987137,172.6388708981507,172.68840786964623,101670900
2024-04-15,171.13253784179688,175.03700600653332,170.94424900321735,173.7784557074799,73531800
2024-04-16,167.85240173339844,172.19288913903023,166.7524119884344,170.20102235595408,73711200
2024-04-17,166.48486328125,169.11095775477588,166.48486328125,168.08034382587564,50901200
2024-04-18,165.5334930419922,167.11906901091456,165.0479219314042,166.51456987389489,43122900
2024-04-19,163.5118865966797,164.89925413145542,162.60018577080248,164.71098041837104,68149400
2024-04-22,164.34432983398438,165.75152141981465,163.28398774037723,164.0272236912775,48116400
2024-04-23,165.394775390625,165.54343166054898,163.4326366212621,163.8587664496344,49537800
2024-04-24,167.4956512451172,167.77312477902248,164.71099641624178,165.03800691456527,48251800
2024-04-25,168.3577880859375,169.07129572836638,166.63347542987228,168.00103426472305,50558300
2024-04-26,167.7731170654297,169.79471202253325,167.6541890412428,168.3478879652858,44838400
2024-04-29,171.9352264404297,174.4424074952563,171.5388400360099,171.80639405446584,68169400
2024-04-30,168.79383850097656,173.41181476528868,168.46681287321124,171.76678225756265,65934800
2024-05-01,167.7731170654297,171.15236652369296,167.58482822154218,168.05059058657778,50383100
2024-05-02,171.469482421875,171.8559644998941,169.34878317714927,170.95416794412498,94214900
2024-05-03,181.72613525390625,185.31348231884328,181.01262758822543,184.9666328542693,163224100
2024-05-06,180.0712127685547,182.53874644704828,178.79283846563771,180.70544017490002,78569700
2024-05-07,180.7549591064453,183.2324120279765,179.68471275097576,181.79549235772294,77305800
2024-05-08,181.0919189453125,181.4189445721307,179.81354466582562,181.20092748758523,45057100
2024-05-09,182.9053955078125,182.99458018096053,180.46757526022824,180.9135137471405,48983000
2024-05-10,181.64515686035156,183.66949389545601,180.7322193628195,183.48094965782863,50759500
2024-05-13,184.85035705566406,185.6640710757596,183.2030934113359,184.01680743143146,72044800
2024-05-14,185.99151611328125,186.85484938535834,184.86026592315986,186.07090395104018,52393600
2024-05-15,188.2639923095703,189.18684774302332,185.9320213621053,186.46788560358823,70400000
2024-05-16,188.38302612304688,189.63336565724362,188.2044148419799,189.00819589014523,52845200
2024-05-17,188.41282653808594,189.34561487480414,187.72811956148706,188.05558877384672,41282900
2024-05-20,189.57382202148438,190.44707314635468,187.5594028379898,187.87695420764547,44361300
2024-05-21,190.873779296875,191.25085261805762,189.4547462309282,189.62343971650407,42309400
2024-05-22,189.43492126464844,191.3401994424317,188.8097665310703,190.79441741971692,34648500
2024-05-23,185.44577026367188,189.5341459487459,185.19768892080702,189.51429520164533,51005900
2024-05-24,188.52197265625,189.11737394472448,186.59685898409072,187.37088671578107,36327000
2024-05-28,188.53189086914062,191.5187845976106,187.64872194997955,190.04021443649896,52280100
2024-05-29,188.82960510253906,190.77456966628964,188.05559245514976,188.15483105781396,53068000
2024-05-30,189.82192993164062,190.70509898235173,189.16700663796175,189.29599865097472,49889100
2024-05-31,190.77456665039062,191.09211806054816,188.45252874493116,189.9707854632458,75158300
2024-06-03,192.54087829589844,193.49351725389894,191.04247253185534,191.41954585254337,50080500
2024-06-04,192.85841369628906,193.82097037667646,191.54853713018946,193.14618134943933,47471400
2024-06-05,194.3667755126953,195.38886948576234,193.37445009094603,193.9003813531384,54156800
2024-06-06,192.98744201660156,194.99194358986873,192.679823561343,194.1881624282746,41181800
2024-06-07,195.37893676757812,195.42855606321456,192.65004206608782,193.1561225415401,53103900
2024-06-10,191.6378631591797,195.7857909182053,190.6753063763642,195.3888517006261,97010200
2024-06-11,205.56019592285156,205.57012886730556,192.14396771907968,192.1638033246204,172373300
2024-06-12,211.4347686767578,218.51003809526938,205.3121079690946,205.77850209290926,198134300
2024-06-13,212.59579467773438,215.08652592836702,209.9760562824749,213.09195736730385,97862700
2024-06-14,210.85923767089844,213.51866257545944,209.678367977573,212.2088008716011,70122700
2024-06-17,215.0071258544922,217.2696263789355,211.08744385812574,211.73244926121387,93728300
2024-06-18,212.6453857421875,216.95208913019513,211.36529274424583,215.9200623200828,79943300
2024-06-20,208.0707550048828,212.59577094768608,207.2471383568116,212.28813739547695,86172500
2024-06-21,205.89759826660156,210.26382387597764,205.5205097773767,208.77533580800622,241805100
2024-06-24,206.5426025390625,211.06760381745957,205.00449518251241,206.12582769938734,80727000
2024-06-25,207.46546936035156,209.75773850908567,207.0089930344414,207.54484206411715,55549700
2024-06-26,211.61338806152344,213.2110325348534,209.0234182045521,209.87681864015101,66213200
2024-06-27,212.4568634033203,214.0842763709762,210.7202940415425,213.04233172557286,49772700
2024-06-28,209.00355529785156,214.41174043740799,208.68601906723538,214.1140398112984,82542700
2024-07-01,215.08651733398438,215.84067914098924,210.29358412725625,210.46227761796723,60402900
2024-07-02,218.57949829101562,218.68865467979296,213.4491783018458,214.49110775455017,58046200
2024-07-03,219.84970092773438,219.84970092773438,217.34903661716913,218.31159349071294,37369800
2024-07-05,224.6029052734375,224.71206166235044,219.94889718329503,219.94889718329503,60412400
2024-07-08,226.07156372070312,226.1013322692385,221.53662969916704,225.34715532852172,59085900
2024-07-09,226.92494201660156,227.63941744293055,224.63267299949706,226.18069804264906,48076100
2024-07-10,231.1919403076172,231.29117889263895,227.49057123987387,227.54019053238477,62627700
2024-07-11,225.823486328125,230.60648662367137,224.03729767642758,229.61416127735984,64710600
2024-07-12,228.7707061767578,230.85459571118884,226.92498020507705,227.16314376782728,53046500
2024-07-15,232.60105895996094,235.409341553401,231.30111515749465,234.66509753137677,62631300
2024-07-16,233.01783752441406,234.4567062015191,230.54694204130521,233.19644881294397,43234300
2024-07-17,227.1234130859375,229.68361410453295,224.90059902579642,227.6890306172661,57345900
2024-07-18,222.45948791503906,228.67145424701283,220.56415801938329,228.51267855827928,66034600
2024-07-19,222.5885009765625,225.0593965950336,221.56640705838353,223.09459660515446,49151500
2024-07-22,222.2411651611328,226.0318396658537,221.37783191473613,225.2677449991242,48201800
2024-07-23,223.28314208984375,225.19833806517673,220.9710219946754,222.6480544130964,39960300
2024-07-24,216.86276245117188,223.07472846403482,215.4635952984219,222.2808652028311,61777600
2024-07-25,215.8208465576172,219.15506035064124,212.97286249707204,217.24978234747041,51391200
2024-07-26,216.28724670410156,217.80550332568987,214.35220009781358,217.02155779536062,41601300
2024-07-29,216.5651092529297,217.61697179557376,214.0942134588753,215.29493390237633,36311800
2024-07-30,217.1208038330078,218.63906050664175,214.4613638470993,217.50781013919521,41643800
2024-07-31,220.3756103515625,222.10226187087767,218.93674165630796,219.7405227481965,50036300
2024-08-01,216.6841583251953,222.7571844619209,215.35444602521784,222.64802807062824,62501000
2024-08-02,218.17263793945312,223.86859053089324,216.03914463167754,217.46808032420208,105568600
2024-08-05,207.66390991210938,211.8614414921662,194.4957495665788,197.56203096400748,119548600
2024-08-06,205.6395721435547,208.3783997216886,199.52685967053256,203.72439154098564,69660500
2024-08-07,208.20973205566406,212.0004073803907,204.8060479069825,205.31212843272615,63516400
2024-08-08,211.67291259765625,212.5560815310077,207.22729938249148,211.47445056104476,47161100
2024-08-09,214.5804443359375,215.11629337558463,210.3432107490655,210.47221789303094,42201600
2024-08-12,216.11038208007812,218.07745621052726,214.19298467780987,214.65991863613397,38028100
2024-08-13,219.82598876953125,220.44193777769505,217.58072790378117,217.58072790378117,44155300
2024-08-14,220.27304077148438,221.5744891931242,218.2662191901357,219.13055181670978,41960600
2024-08-15,223.25344848632812,223.87934187315213,221.30623303799138,223.1342364732981,46414000
2024-08-16,224.57481384277344,225.34972239527664,222.19046700804645,222.4587092482856,44340200
2024-08-19,224.41583251953125,224.51518597934856,221.58442566604344,224.2469437652095,40687800
2024-08-20,225.0317840576172,225.68748051768907,223.97870407222223,224.29662301984854,30299000
2024-08-21,224.92250061035156,226.4921913011218,223.58131984717622,225.04172779494317,34765500
2024-08-22,223.064697265625,226.84983046212884,222.43880384726458,226.30341677619586,43695300
2024-08-23,225.359619140625,226.7306179936649,222.8660050723941,224.18732719786422,38677300
2024-08-26,225.6973876953125,225.7967411465175,222.4288653159012,225.2801304868265,30602200
2024-08-27,226.54185485839844,227.356510742363,223.42234738221904,224.52510403050715,35934600
2024-08-28,225.0119171142578,228.35991942602843,224.20719049274723,226.43257756563742,38052200
2024-08-29,228.29039001464844,231.3999685703833,227.38634017099784,228.59837969678284,51906300
2024-08-30,227.5055389404297,228.89639643358683,225.99545426270925,228.68777538921813,52990800
2024-09-03,221.3162078857422,227.50554667965343,219.72664341730942,227.05848641015993,50190600
2024-09-04,219.40872192382812,220.33264539565292,216.06070449558098,220.2134333758585,43840200
2024-09-05,220.92872619628906,224.00848612752256,220.07433805346514,220.18362078658942,36615400
2024-09-06,219.37890625,223.77005891628232,218.3357556594125,222.48846914066658,48423000
2024-09-09,219.46835327148438,219.82600453136772,215.29576534565257,219.37894424631622,67180000
2024-09-10,218.6735382080078,220.0345925843304,215.31559161387113,217.49130185519834,51591000
2024-09-11,221.20692443847656,221.63411098197892,216.4680492147489,220.01475867053273,44587100
2024-09-12,221.3162078857422,222.09111639532034,218.38546260882887,221.04796566036197,37455600
2024-09-13,221.04795837402344,222.57790161811045,220.46181236980377,222.12091208096655,36766600
2024-09-16,214.90830993652344,215.80243050187988,212.52396316355507,215.12686027714844,59357400
2024-09-17,215.37522888183594,215.4845116318028,213.10018001697546,214.34202255786693,45519300
2024-09-18,219.249755859375,221.2565773677011,216.12030400107497,216.1302484418979,59894900
2024-09-19,227.37637329101562,228.32018565098164,223.16405353373213,223.52170475455895,66781300
2024-09-20,226.71075439453125,231.56884144729943,226.1345376792504,228.46920754640476,318679900
2024-09-23,224.99205017089844,227.95259834339626,224.33635371548323,225.8563676699032,54146000
2024-09-24,225.88616943359375,227.85325878901892,224.25687274556688,227.15781488965328,43556100
2024-09-25,224.8927001953125,225.80669443859438,222.55804543582803,223.462095237407,42308700
2024-09-26,226.03518676757812,227.00878694842402,223.93895622483703,225.81662129607273,36636700
2024-09-27,226.30340576171875,228.0221264682928,225.81661326820586,226.96904659349977,34026000
2024-09-30,231.4794464111328,231.4794464111328,228.15130238402674,228.53875664504176,54541900
2024-10-01,224.73374938964844,228.15128705136544,222.2798675150603,228.02214574584622,63285000
2024-10-02,225.30003356933594,225.8861795938886,221.56457676904253,224.41584231153624,32880600
2024-10-03,224.197265625,225.3298253274289,221.8626109260752,223.67072564154154,34044200
2024-10-04,225.3199005126953,226.5120662505933,222.66732681912907,226.41271278943105,37245100
2024-10-07,220.2432403564453,224.21713611955545,219.885589131397,223.0348997045567,39505400
2024-10-08,224.296630859375,224.50525191173782,221.79307211654884,222.83622285599392,31855700
2024-10-09,228.04200744628906,228.25064364916537,223.36275355639287,223.7601370790405,33591100
2024-10-10,227.54527282714844,228.00227752622936,225.68748134269669,226.29350107451606,28183500
2024-10-11,226.0650177001953,227.91287999534921,225.8563814846346,227.80359724609562,31759200
2024-10-14,229.79054260253906,230.21772915238438,227.1081657950345,227.2075041009655,39882100
2024-10-15,232.3238983154297,235.9401430278398,230.85354589755886,232.08545910083197,64751400
2024-10-16,230.2673797607422,230.60515724916505,228.34003796565733,230.0885617348273,34082200
2024-10-17,230.63499450683594,232.32391251820164,229.0156421145612,231.9066400773438,32993800
2024-10-18,233.4663848876953,234.63867690560429,232.4828401919167,234.63867690560429,46431500
2024-10-21,234.93670654296875,235.3043021987925,232.91995571367772,232.91995571367772,36254500
2024-10-22,234.32077026367188,234.67842149785605,231.0820505913223,232.36362533760988,38846600
2024-10-23,229.25405883789062,233.60547988580885,226.27363678517082,232.55239985265487,52287000
2024-10-24,229.06527709960938,229.31364556669442,226.9193699057847,228.47911599629046,31109500
2024-10-25,229.89981079101562,231.69799621804017,228.07182235817814,228.2407111108546,38802300
2024-10-28,231.87681579589844,233.19813797949908,231.032372026897,231.7973512193415,36087100
2024-10-29,232.1450653076172,232.80076177889833,230.80388451731673,231.5787930163908,35417200
2024-10-30,228.59835815429688,231.94636045913163,228.05194445904854,231.09197226998216,47070900
2024-10-31,224.4357147216797,228.33013097812315,223.89923027313517,227.84332326136388,64370100
2024-11-01,221.4552764892578,223.87935529424118,218.83250593091054,219.5279346472888,65276700
2024-11-04,220.5611572265625,221.33606573362852,218.27617915451208,219.5478246614517,44944500
2024-11-05,221.9917449951172,222.4884819564664,219.6968226591573,220.35251908634842,28111300
2024-11-06,221.26651000976562,224.59465366535846,219.7464961432124,221.15722727351368,54561100
2024-11-07,225.99545288085938,226.39285156162418,223.10445516924474,223.16406118155706,42137700
2024-11-08,225.7269287109375,227.4176895436531,225.17991383614745,225.9357792784742,38328800
2024-11-11,223.01174926757812,224.47376393957063,220.29658566640109,223.77757009002366,42005600
2024-11-12,223.01174926757812,224.36436096493557,222.14648085284745,223.33001798502116,40398300
2024-11-13,223.89691162109375,225.4185978724207,221.54973296285615,222.79294167641658,48566200
2024-11-14,226.98008728027344,227.62654977508777,223.77758025105393,223.79747584076947,44923900
2024-11-15,223.77755737304688,225.6871240415238,223.05152776948486,225.1699449930133,47923700
2024-11-18,226.7811737060547,228.49183017609323,223.94665165924164,224.0262188410909,44633700
2024-11-19,227.03973388671875,228.90952454109907,225.42854034251505,225.7467938634959,36211800
2024-11-20,227.75584411621094,228.68078414631773,224.6627401240164,226.82094870348703,35169600
2024-11-21,227.2784423828125,228.9095315645878,224.48371169719937,227.63648708983084,42108300
2024-11-22,228.62109375,229.46648170496493,226.82093004738374,226.82093004738374,38168300
2024-11-25,231.6048126220703,231.98275293866183,228.49182822914253,230.20248468460477,90152800
2024-11-26,233.7829132080078,234.29015208323423,232.06231657216094,232.06231657216094,45986200
2024-11-27,233.6536407470703,234.40952145314378,232.539730455033,233.19614838107907,33498400
2024-11-29,236.0406036376953,236.51799158021294,232.69885768829369,233.5342903816718,28481400
2024-12-02,238.28829956054688,239.4817769036961,235.8715090788613,235.9809120539101,48137100
2024-12-03,241.33168029785156,241.441083276618,237.60205398884364,238.50711361537608,38861000
2024-12-04,241.68971252441406,242.78374225546824,239.9392801306149,241.55047375645148,44383900
2024-12-05,241.71954345703125,243.21139387343032,240.81449907142343,242.66439419479377,40033900
2024-12-06,241.52064514160156,243.3009285590703,240.76477968960373,241.5902721155965,36870600
2024-12-09,245.40939331054688,245.89673657618508,240.43655859300793,240.51612576959502,44649200
2024-12-10,246.4238739013672,246.861485816723,244.0070681600661,245.54865007065558,36914800
2024-12-11,245.15081787109375,249.43739908317045,244.92205654138039,246.61283253090062,45205800
2024-12-12,246.61285400390625,247.388615093895,244.3452271532981,245.54865996903848,32777500
2024-12-13,246.7819061279297,247.9355922748061,244.90217516923994,246.47359279661413,33155300
2024-12-16,249.67608642578125,250.01425073054844,246.3045049916291,246.6426692963963,51694800
2024-12-17,252.1028289794922,252.45093348613432,248.42293425963442,248.72130738305802,51356400
2024-12-18,246.70233154296875,252.89847930582897,246.39401822090946,250.79000225751088,56774100
2024-12-19,248.43289184570312,250.63089166027345,245.74756389880645,246.15534002348284,60882300
2024-12-20,253.1073760986328,253.61459983498276,244.35518295150268,246.69240643268387,147495300
2024-12-23,253.88311767578125,254.26104280923545,252.07299848460428,253.38583418491564,40858800
2024-12-24,256.7972106933594,256.80713572411884,253.90300191480816,254.10192745486222,23234700
2024-12-26,257.6127014160156,258.6868506395932,256.2302692406472,256.7872242633273,27237100
2024-12-27,254.2013702392578,257.29448932345014,251.68511699924173,256.42919055718573,42355300
2024-12-30,250.82980346679688,252.122743648892,249.38768429964367,250.8596392638085,35557500
2024-12-31,249.05947875976562,251.90394112888606,248.07485191726244,251.06850844936815,39480700
2025-01-02,242.52516174316406,247.74663833648884,240.50619200781614,247.57754859678104,55740700
2025-01-03,242.03781127929688,242.853348279154,240.57579666249651,242.03781127929688,40244100
2025-01-06,243.66891479492188,245.98625772407811,241.87869116125097,242.98266113735735,45045600
2025-01-07,240.89407348632812,244.215923537777,240.0387452815234,241.6598791297847,40856000
2025-01-08,241.38140869140625,242.38593107741448,238.74581220273618,240.6056476428208,37628900
2025-01-10,235.5631866455078,238.85520080045117,231.73409784256125,238.70600665338932,61710900
2025-01-13,233.12649536132812,233.39503269669683,228.47192915300568,232.2612269401141,49630700
2025-01-14,232.0125732421875,234.83713969366363,231.2069764534674,233.47458784982285,39435300
2025-01-15,236.57763671875,237.66172623332486,233.15632396556444,233.36518970349533,39832000
2025-01-16,227.01986694335938,236.71689557722044,226.79112077355302,236.06049286491137,71759100
2025-01-17,228.73049926757812,231.02794645733286,227.23864886634655,230.85887189963304,68488300
2025-01-21,221.43038940429688,223.20071739531107,218.1881065481907,222.783001089375,98070400
2025-01-22,222.61390686035156,222.90232457853583,218.59584816144178,218.59584816144178,64126500
2025-01-23,222.44485473632812,225.7965406078772,221.09224303438072,223.51898889751178,60234800
2025-01-24,221.5696258544922,224.4041477572621,220.2070739772995,223.55875977197638,54697900
2025-01-27,228.6111602783203,230.88871192185238,222.76310174211312,222.80289291870474,94863400
2025-01-28,236.9655303955078,238.88505261672515,229.5560092044273,229.59580038333414,75707600
2025-01-29,238.0595703125,238.55685383878983,232.73863051084334,232.84803349366265,45486100
2025-01-30,236.29916381835938,239.48177510143526,235.9212386876704,237.37329797187644,55658300
2025-01-31,234.71780395507812,245.8470107317681,232.1717149504871,245.8470107317681,100959800
2025-02-03,226.77120971679688,230.5704628324937,224.47376244068877,228.7404632470789,73063300
2025-02-04,231.5352020263672,231.86341095944582,225.4186058340825,226.0153521080233,45067300
2025-02-05,231.20700073242188,231.40591110501148,227.02982220448578,227.28840417126338,39620300
2025-02-06,231.95291137695312,232.5297620441898,229.17806101517482,230.03338922164468,29925300
2025-02-07,226.39328002929688,232.72866665415378,226.0252799376335,231.33627899238985,39707200
2025-02-10,226.66209411621094,229.58933825388894,226.21404995469493,228.57377553913867,33115600
2025-02-11,231.61053466796875,234.2092091135714,227.1400288616486,227.20971719471092,53718400
2025-02-12,235.84210205078125,235.93172304376256,229.67896101319025,230.19670873650108,45243300
2025-02-13,240.48187255859375,241.28835511000761,234.54774465400956,235.8819260401158,53614100
2025-02-14,243.53857421875,244.48444869345934,239.94423906079516,240.2031053319298,40896200
2025-02-18,243.40911865234375,244.11602908498713,240.7905267294893,243.0905000064508,48822500
2025-02-19,243.80735778808594,244.94241003871878,242.1047870084227,243.59827761149603,32204200
2025-02-20,244.76321411132812,245.70908851524857,243.2298884862767,243.87707690453925,32316900
2025-02-21,244.48443603515625,247.61080936192474,244.15586625078134,244.88269415360097,53197400
2025-02-24,246.0277099609375,247.7800669312537,243.3593319822528,243.86711335623195,51326400
2025-02-25,245.9679718017578,248.91513366913293,243.84722519384715,246.92381259977986,48013300
2025-02-26,239.31695556640625,243.91690216055417,238.0922974197643,243.26972892021308,44433600
2025-02-27,236.27024841308594,241.40786042901627,236.0312844149354,238.37109275336516,41153600
2025-02-28,240.79052734375,241.03944246427386,229.2010399398617,235.92174819400608,56833400
2025-03-03,236.9970703125,242.97103338088397,235.08540395372597,240.7407483660274,47184000
2025-03-04,234.9061737060547,239.02822274747484,233.6615980851158,236.6784633674393,53798100
2025-03-05,234.7169952392578,235.5234777567522,228.23523611666363,234.3983766092207,47227600
2025-03-06,234.30877685546875,236.82779659290307,232.14819548977783,233.42263965762712,45170400
2025-03-07,238.03256225585938,240.32256924437755,233.74125275300776,234.08974000390756,46273600
2025-03-10,226.4928436279297,235.13518456664028,223.24699590534985,234.5178647329352,72071200
2025-03-11,219.88165283203125,224.8599551431671,216.50636447278404,222.8387656202518,76137400
2025-03-12,216.03842163085938,220.78772670269151,213.97741219492326,219.18471261137486,62547500
2025-03-13,208.77008056640625,215.899013195213,207.51555384047248,215.01287598245443,61368300
2025-03-14,212.5635528564453,213.02154815111564,208.67051688888432,210.3332680009786,60107600
2025-03-17,213.0713653564453,214.2860724865002,209.05885441116683,212.38435712144667,48073400
2025-03-18,211.7670440673828,214.2163605039484,210.57225445008928,213.23066628615402,42432400
2025-03-19,214.30596923828125,217.8106832228152,212.8224296395377,213.29039128502816,54385400
2025-03-20,213.17091369628906,216.5462020975973,211.29906714235267,213.0613904363763,48862900
2025-03-21,217.3228302001953,217.8903488075446,210.36315756009637,210.6419412957371,94127800
2025-03-24,219.77215576171875,220.51890119737195,217.63149158987616,220.04098837247486,44299500
2025-03-25,222.77903747558594,223.12752472855482,219.1249652538438,219.81197343150768,34493600
2025-03-26,220.56866455078125,224.04352508950674,219.51326687455483,222.5400680439697,34466100
2025-03-27,222.8786163330078,224.0136687326393,219.60288467242046,220.42928473771144,37094800
2025-03-28,216.95440673828125,222.83876366462027,216.7353602231078,220.70805090185615,39818600
2025-03-31,221.16607666015625,224.64092215942225,215.29167046357225,216.06828445549021,65299300
2025-04-01,222.22145080566406,222.70931468653842,217.95005911072687,218.85611373602535,36412700
2025-04-02,222.91842651367188,224.21278818927524,220.06088576879955,220.3595869543347,35905900
2025-04-03,202.30824279785156,206.58958563447752,200.37665915579902,204.64803566499702,103419000
2025-04-04,187.56253051757812,199.01262630823254,186.52703508606032,193.0486144227304,125910900
2025-04-07,180.6725616455078,193.30748067285785,173.86223225537526,176.43103817745248,160466300
2025-04-08,171.67178344726562,189.5140179775097,168.47572171547168,185.88981432593783,120859500
2025-04-09,197.98709106445312,199.7394480269994,171.14407803694525,171.20381523449285,184395900
2025-04-10,189.59365844726562,193.9347385570105,182.205859833413,188.24952597387417,121880000
2025-04-11,197.29013061523438,198.67409816298056,185.25259829067514,185.29243322025624,87435900
2025-04-14,201.64117431640625,212.01595519155484,200.28707539108044,210.52246440005902,101352900
2025-04-15,201.26280212402344,202.62685207462172,198.93296032454862,200.98401841430368,51343900
2025-04-16,193.42697143554688,199.82906121923162,191.5352073519423,197.49921927320653,59732400
2025-04-17,196.12521362304688,197.96719174329118,193.5763250102755,196.34426016251078,52164700
2025-04-21,192.32177734375,192.958999427942,188.98630873883343,192.43130060162235,46742500
2025-04-22,198.8732452392578,200.715208155226,195.1196006832811,195.26894368988752,52976400
2025-04-23,203.71214294433594,207.09738254349836,201.9199510184256,205.10606155750318,52929200
2025-04-24,207.46575927734375,207.92376976062596,202.05933042602183,204.00086522918792,47311000
2025-04-25,208.371826171875,208.8397878176709,205.30519003897632,205.47445049920006,38222300
2025-04-28,209.2281036376953,210.5822025692478,206.55974070372147,209.08871177088434,38743100
2025-04-29,210.29345703125,211.31898611202763,207.46576971677675,207.78438836336602,36827600
2025-04-30,211.57786560058594,212.65318081121782,205.77316280594096,208.39175489829196,52286500
2025-05-01,212.39430236816406,213.62891164873253,207.99346964638974,208.1726964341785,57365700
2025-05-02,204.45889282226562,206.0917754590827,201.2827333487594,205.19567188008233,101010600
2025-05-05,198.02691650390625,203.21431440062256,197.34987465543003,202.21865389928206,69018500
2025-05-06,197.6485595703125,199.77927242381972,196.16503515467957,197.3498735756035,51216500
2025-05-07,195.3983612060547,198.5745204381265,192.4113798882551,198.30568786560423,68536700
2025-05-08,196.63299560546875,199.18188402861682,193.83517686729027,196.86199326420865,50478900
2025-05-09,197.66848754882812,199.66975978270045,196.68277813613466,198.13644922219603,36453900
2025-05-12,210.15048217773438,210.62903686932515,206.12274573806786,210.32994399020487,63775800
2025-05-13,212.28399658203125,212.75257189298435,208.36592688565332,209.79158118866218,51909300
2025-05-14,211.68582153320312,213.29093762104833,209.94113079478424,211.78550901932945,49325800
2025-05-15,210.80850219726562,212.31393091132972,208.90429308394448,210.31001909194578,45029500
2025-05-16,210.61907958984375,211.9251181254035,209.13360964796243,211.71574852428404,54737900
2025-05-19,208.14659118652344,208.84446444770495,203.64029993754312,207.27923550566183,46140500
2025-05-20,206.232421875,207.83753801206538,204.40797196423648,207.03996203611737,42496600
2025-05-21,201.47689819335938,206.4118779017609,200.10109516487896,204.54755595275296,59211800
2025-05-22,200.74911499023438,202.13489740214874,199.0941474443519,200.1010930441042,46742400
2025-05-23,194.6775665283203,197.10018674879547,192.87306039619787,193.08241474951325,78432900
2025-05-27,199.60260009765625,200.1309909415137,196.83102019804124,197.6983910952664,56288500
2025-05-28,199.8119659423828,202.11495545301858,199.29353925378823,199.98144837254895,45339700
2025-05-29,199.34336853027344,203.19165828241367,197.90773491315443,202.96236033905296,51396800
2025-05-30,200.24066162109375,201.3472946799051,196.18300200128658,198.7651407343476,70819900
2025-06-02,201.08807373046875,201.51677709467234,199.51286535414474,199.67238359256916,35423300
2025-06-03,202.6533203125,203.1518034040851,200.35033086337637,200.73914706631285,46381600
2025-06-04,202.20468139648438,205.6143037964219,201.48686455307688,202.29440469878628,43604000
2025-06-05,200.0213165283203,204.12881205428334,199.54276184010462,202.8826044104843,55126100
2025-06-06,203.30133056640625,205.07592905349443,201.4370087789868,202.3841235560851,46607700
2025-06-09,200.8388214111328,205.3750202901374,199.41316716451473,203.76990423179717,72862600
2025-06-10,202.0551300048828,203.73004106569937,199.96151019448254,199.99141796230995,54672600
2025-06-11,198.1769256591797,203.8795731269679,197.80805305990708,202.88260699920767,60989900
2025-06-12,198.5956573486328,199.07419684911244,196.7612432530472,198.47602627663701,43904600
2025-06-13,195.85400390625,199.76210952406473,195.1062792678608,199.12405177447246,51447300
2025-06-16,197.81802368164062,198.08720880439395,195.96366601516638,196.701426450214,43020700
2025-06-17,195.0464630126953,197.7881200100286,194.61777485692886,196.60172782081946,38856200
2025-06-18,195.9835968017578,196.97059871241268,194.4781834746436,195.34553910938874,45394700
2025-06-20,200.3902130126953,201.0880863339216,196.26277341287403,197.63859168364695,96813500
2025-06-23,200.888671875,201.686247808318,198.3563846401482,201.01828233775666,55814300
2025-06-24,199.6923065185547,202.82277936444737,199.59260382672892,201.9753521214132,54064000
2025-06-25,200.948486328125,203.052085424857,200.01133575244882,200.83881944772682,39525700
2025-06-26,200.3902130126953,202.02523702778157,198.85489170599743,200.81890119127095,50799100
2025-06-27,200.469970703125,202.6034778198992,199.39324535272064,201.27751091280393,73188600
2025-06-30,204.5475311279297,206.76079706763053,198.65545787730727,201.39711462840114,91912800
2025-07-01,207.18951416015625,209.55231908550664,205.51460310500556,206.04299395149746,78788900
2025-07-02,211.7954864501953,212.69274987948137,207.5085290616707,208.2761972389462,67941800
2025-07-03,212.90211486816406,213.99876845669687,211.16738836812712,211.50635319299207,34955800
2025-07-07,209.31304931640625,215.57399579559095,208.16654427869605,212.03476276559877,50229000
2025-07-08,209.3728485107422,210.78853856973336,207.81758380403343,209.46258702266434,42848900
2025-07-09,210.4994354248047,210.6888614301138,206.59132988433592,208.8943192909964,48749400
2025-07-10,211.7655792236328,212.83232507172787,209.39279496736208,209.87133445003573,44443600
2025-07-11,210.51937866210938,211.48643705736623,209.2233196075129,209.931172276849,39765800
2025-07-14,207.987060546875,210.27012140888866,206.9103353456299,209.29308368901172,38840100
2025-07-15,208.4755859375,211.24715053377864,208.28615994072268,208.5852528191871,42296300
2025-07-16,209.52239990234375,211.75559423754484,208.00700716596054,209.6619745482938,47490500
2025-07-17,209.38282775878906,211.15742622671814,208.95412441878605,209.93116216460888,48068100
2025-07-18,210.539306640625,211.1474566075158,209.06380098140497,210.23024956462245,48974600
2025-07-21,211.83535766601562,215.12534891613055,210.98794558852114,211.45652088357517,51377400
2025-07-22,213.74952697753906,214.29786137817433,211.58611235366487,212.49335516085276,46404100
2025-07-23,213.5002899169922,214.4972560435483,211.76557859278188,214.3477172095632,46989300
2025-07-24,213.11148071289062,215.03563331063384,212.8821827557749,213.25105536667797,46022600
2025-07-25,213.23110961914062,214.58698409364732,212.75255494872997,214.0486138925591,40268800
2025-07-28,213.40061950683594,214.1981955143971,212.41361748607306,213.38067592321022,37858000
2025-07-29,210.62904357910156,214.1582970701604,210.18041185237743,213.53020352524888,51411700
2025-07-30,208.41578674316406,211.74565019362484,207.08981987426867,211.2571312800854,45512500
2025-07-31,206.9402618408203,209.2033639475293,206.5315020865265,207.85746883247032,80698400
2025-08-01,201.76600646972656,212.93202387361222,200.88867142379772,210.23023901853355,104434500
2025-08-04,202.7330780029297,207.24933356384108,201.06813110178,203.8895472057539,75109300
2025-08-05,202.3043670654297,204.71702329589334,201.54667827641916,202.78290655256814,44155100
2025-08-06,212.60302734375,214.72657006985978,204.96626313259566,205.00615029681612,108483100
2025-08-07,219.36245727539062,220.1799768073744,215.92292715514498,218.2159523061407,90224800
2025-08-08,228.6541748046875,230.29916273925562,218.58481138779996,220.16001960779298,113854000
2025-08-11,226.747802734375,229.12327986736793,224.3324083989562,227.48640043221798,61806100
2025-08-12,229.21310424804688,230.36092560837628,226.63802588155738,227.57622481823222,55626200
2025-08-13,232.88612365722656,234.55294488479396,229.99163136972763,230.6304284784954,69878500
2025-08-14,232.337158203125,234.67270293292236,230.41083714463488,233.6147219132583,51916300
2025-08-15,231.1494140625,233.834298979768,228.9036945156081,233.5548328767578,56038700
2025-08-18,230.4507598876953,232.67651332576617,229.672244959047,231.25921652669462,37476200
2025-08-19,230.1213836669922,232.42698672077375,228.9136940815642,230.84001516813981,39402600
2025-08-20,225.5800323486328,230.0315543310328,225.3404986724704,229.54248102593337,42263900
2025-08-21,224.47215270996094,226.08908123987146,223.35428822884654,225.83955683035407,30621200
2025-08-22,227.3267059326172,228.65417758009713,224.98118568943215,225.73973438952316,42477800
2025-08-25,226.72784423828125,228.86377239669042,225.79960559269966,226.04912998143794,30983100
2025-08-26,228.87376403808594,229.0534295301293,224.26255788237486,226.43840339540802,54575100
2025-08-27,230.05152893066406,230.46073738560713,227.82576024347395,228.17510050695543,31259500
2025-08-28,232.11758422851562,232.9659733126178,228.90370861616245,230.3809040856524,38074700
2025-08-29,231.69837951660156,232.9360260407387,230.92984008944924,232.0676707602769,39418400
2025-09-02,229.28298950195312,230.4108447009183,226.53822101083426,228.81388239599917,44075600
2025-09-03,238.01634216308594,238.395624134605,233.9141603097862,236.75874463665696,66427800
2025-09-04,239.32383728027344,239.44360411673358,236.28962732845326,237.99636566705198,47549400
2025-09-05,239.2340087890625,240.86091270031892,238.03629475202086,239.54341659874092,54870400
2025-09-08,237.42745971679688,239.69313028194867,235.89038089866295,238.84475646782593,48999500
2025-09-09,233.9041748046875,238.3257397896772,232.9160527142261,236.54912730927947,66313900
2025-09-10,226.35855102539062,231.97784546194652,225.52015268533836,231.7482872752143,83440800
2025-09-11,229.59239196777344,230.01159113632517,226.21881717306923,226.44839058875493,50208600
2025-09-12,233.6247100830078,234.06386022938602,228.58431421011397,228.78393068206054,55824200
2025-09-15,236.24969482421875,237.7368657054393,234.58287368836292,236.54912714503797,42699500
2025-09-16,237.6969451904297,240.76111223381088,235.87043992435724,236.72878926810645,63421100
2025-09-17,238.5353546142578,239.6432435766681,237.27774187166392,238.5153883976145,46508000
2025-09-18,237.42745971679688,240.74113579799257,236.199788714976,239.5134800259323,44249600
2025-09-19,245.032958984375,245.83144010441063,239.7530294205925,240.77107799962133,163741300
2025-09-22,255.5928192138672,256.15178189089505,247.64797087114997,247.82763635806887,105517400
2025-09-23,253.9459686279297,256.8504363399061,253.0975947938589,255.39322235208516,60275200
2025-09-24,251.8300018310547,255.2534845023776,250.56241362070242,254.73446948849343,42303700
2025-09-25,256.3813171386719,256.6807646844572,251.2311452680336,252.72829161839874,55202100
2025-09-26,254.97401428222656,257.10994249251326,253.2972024297037,253.61660096533106,46076300
2025-09-29,253.9459686279297,254.5148915782133,252.52867184357527,254.0757261912774,40127700
2025-09-30,254.14559936523438,255.4331385813304,252.6284867333586,254.37515755125318,37704300
2025-10-01,254.9640350341797,258.29769267334166,254.44502000530687,254.55481135314994,48713900
2025-10-02,256.6408386230469,257.68882891050583,253.66649683440303,256.09186667190835,42630200
2025-10-03,257.5291442871094,258.7468246365968,253.46689477740222,254.18552630266564,49155600
2025-10-06,256.20166015625,258.57713717661323,254.56478079871025,257.49917477533796,44664100
2025-10-07,255.99209594726562,256.9103287268919,254.94407514023973,256.32145476920215,31955800
2025-10-08,257.569091796875,258.0282082133661,255.62278908467795,256.03201279963565,36496900
2025-10-09,253.55670166015625,257.50917476461467,252.65841993311406,257.3195337882977,38322000
2025-10-10,244.80340576171875,255.8922708493858,243.53581752909898,254.45500785015722,61999100
2025-10-13,247.18885803222656,249.2149949644775,245.09284695690994,248.90558714178317,38142900
2025-10-14,247.29864501953125,248.37659224814226,244.23447809703134,246.13087266264282,35478000
2025-10-15,248.86566162109375,251.3409547309234,246.99922390992754,249.01538540478128,33893600
2025-10-16,246.97926330566406,248.56623493239263,244.66368465033412,247.77774448085987,39777000
2025-10-17,251.81002807617188,252.89796599708643,246.79958926324147,247.5481624372989,49147000
2025-10-20,261.7411193847656,263.87706298772724,255.14370850365398,255.4032084113237,90483000
2025-10-21,262.27008056640625,264.7853058703715,261.3318664386604,261.3817895915523,46695900
2025-10-22,257.9583435058594,262.349966966352,254.94406918261987,262.15033525743416,45015300
2025-10-23,259.0861511230469,260.12418111371363,257.51916110368444,259.4454820834593,32754900
2025-10-24,262.3200378417969,263.62754335723145,258.68694768993146,260.69313376057823,38253700
2025-10-27,268.2986145019531,268.60802232244004,264.1465248140549,264.37609822840903,44888200
2025-10-28,268.4882507324219,269.3765722048576,267.63986169210665,268.4782600095115,41534800
2025-10-29,269.1869201660156,270.8936584399069,266.6018207191691,268.76770579477784,51086700
2025-10-30,270.8836669921875,273.6184749716116,267.969239224885,271.4725408872279,69886500
2025-10-31,269.85565185546875,276.79244258078194,268.647962249571,276.4630533049319,86167100
2025-11-03,268.53814697265625,270.33474092754267,265.74348587775046,269.90556627002525,50194600
2025-11-04,269.5262756347656,270.9734988318123,267.11086611942017,267.8195068636227,49274800
2025-11-05,269.6260986328125,271.18312844251227,266.4221834255846,268.0989800730272,43683100
2025-11-06,269.25677490234375,272.8798740142925,267.38037702601645,267.38037702601645,51204000
2025-11-07,267.9592590332031,271.7719991063764,266.26248096015127,269.28671541495146,48227400
2025-11-10,269.1781311035156,273.4741297822401,267.20997142836535,268.7085692371889,41312400
2025-11-11,274.99267578125,275.65206242273547,269.5477586519058,269.55775905965567,46208300
2025-11-12,273.21435546875,275.4722525277038,271.4460210796085,274.74292397164845,48398000
2025-11-13,272.6948547363281,276.4413491841305,271.83564282199285,273.85374352181776,49602800
2025-11-14,272.15533447265625,275.70200347225597,269.3479639093673,270.7965900477885,47431300
2025-11-17,267.2099609375,270.2371271729127,265.48159771217263,268.5687054184609,45018300
2025-11-18,267.19000244140625,270.4569347049811,265.0719890725528,269.7376065335732,45677300
2025-11-19,268.3089294433594,271.9555110777923,265.2517925781922,265.2817633125939,40424500
2025-11-20,266.0010986328125,275.17250947675234,265.67142054546326,270.5768036466949,45823600
2025-11-21,271.2361755371094,273.0744516711978,265.4216397990326,265.70137680880595,59030800
2025-11-24,275.6620788574219,276.7410558404627,270.64675212306133,270.64675212306133,65585800
2025-11-25,276.7110900878906,280.1179060838009,274.9926967216935,275.012667049666,46914200
2025-11-26,277.29052734375,279.26868736786383,276.3714044558947,276.70108254872224,33431400
2025-11-28,278.5893249511719,278.73917862681736,275.73198274965245,277.0008150112318,20135600
2025-12-01,282.8353576660156,283.1550658399818,275.88187257202503,277.75011957449965,46587700
2025-12-02,285.9224548339844,287.1313151163589,282.36578537497866,282.7354345985028,53669500
2025-12-03,283.8843688964844,288.35019153510143,283.0351573834178,285.9324708384744,43538700
2025-12-04,280.4375915527344,284.46382276925783,278.32954829392816,283.83440686502166,43989100
2025-12-05,278.5193786621094,280.8771882481053,277.79005013345267,280.27774306596746,47265800
2025-12-08,277.6302185058594,279.4085531850005,275.8918244790692,277.86998437615557,38211800
2025-12-09,276.9208679199219,279.7682096639769,276.6611317163261,277.8999627322321,32193300
2025-12-10,278.5193786621094,279.48847306800184,276.1815698919154,277.490342786908,33038300
2025-12-11,277.77008056640625,279.3286197507982,273.5540244422053,278.83908758708685,33248000
2025-12-12,278.0198669433594,278.9589906850317,276.5612402656973,277.64021728323,39532900
2025-12-15,273.8537292480469,279.8880911943856,272.5849275039148,279.8880911943856,50409100
2025-12-16,274.353271484375,275.2424541197232,271.53593087885605,272.5649667835892,37648600
2025-12-17,271.58587646484375,275.90184538512057,271.38608172110213,274.75292651919426,50138700
2025-12-18,271.935546875,273.374203136776,266.7004552212896,273.35420232069225,51630700
2025-12-19,273.4141845703125,274.34330788170604,269.64768928264715,271.8955859651445,144632000
2025-12-22,270.7166748046875,273.62395794129594,270.25711338978425,272.6048920133635,36571800
2025-12-23,272.1053771972656,272.2452609569047,269.30800689497966,270.5868091030317,29642000
2025-12-24,273.55401611328125,275.17249671786806,271.9455359163183,272.085389177814,17910600
2025-12-26,273.1444091796875,275.1125687682936,272.6049054553,273.9037084592662,21521800
2025-12-29,273.50408935546875,274.10350406329195,272.0954038139857,272.4350823114352,23715200
2025-12-30,272.82470703125,273.82377221524894,272.02546707967076,272.5549704076282,22139600
2025-12-31,271.6058349609375,273.42414083736213,271.49595243002375,272.80472532736104,27293600
2026-01-02,270.75665283203125,277.58025431004916,268.7485221479618,272.0054842546519,37838100
2026-01-05,267.0101623535156,271.25618925068443,265.89121426121545,270.38700744645297,45647200
2026-01-06,262.1147155761719,267.2998660934885,261.8749496989937,266.7503924619391,52352100
2026-01-07,260.08660888671875,263.4334831315393,259.56710600115036,262.95395138764474,48309800
2026-01-08,258.7978515625,259.0476178563403,255.46096229095477,256.7797203952787,50419300
2026-01-09,259.1275329589844,259.9667440583015,255.98048371428257,258.8377955175017,39997000
2026-01-12,260.0067138671875,261.05572011368304,256.5599267903311,258.9177364764393,45263800
2026-01-13,260.8059387207031,261.56523797230057,258.148452318208,258.4781303943212,45730800
2026-01-14,259.71697998046875,261.57525710051715,256.4700180914029,259.247418118488,40019400
2026-01-15,257.9685974121094,260.7959687899761,256.8096782083212,260.40631875644857,39388600
2026-01-16,255.29112243652344,258.6579671912775,254.69167723491495,257.6589020182799,72142800
2026-01-20,246.46937561035156,254.55180921698133,243.19244305608962,252.49373739571587,80267500
2026-01-21,247.41848754882812,251.3248360900433,244.9507953165175,248.46750904444812,54641700
2026-01-22,248.1178436279297,250.76536025794266,247.9180183962477,248.96703988447874,39708300
2026-01-23,247.80812072753906,249.17685039145397,244.45126111041233,247.08880782235642,41689000
2026-01-26,255.17123413085938,256.32015295784896,249.5664780183616,251.24490015634893,55969200
2026-01-27,258.0285339355469,261.70511669708895,257.96859246831417,258.92771692213245,49648300
2026-01-28,256.2002868652344,258.61800761819165,254.27208306792676,257.409147241713,41288000
2026-01-29,258.0385437011719,259.4072580677027,254.17216647920577,257.75880668092503,67253000
2026-01-30,259.2374267578125,261.6551472598355,251.94423313215475,254.93144331105526,92443400
2026-02-02,269.7575988769531,270.2371306501278,258.9676766447768,259.7869174093499,73913400
2026-02-03,269.22808837890625,271.6258386480508,267.3598109321867,268.9483513556569,64394700
2026-02-04,276.23150634765625,278.68922850453845,272.03545112075,272.03545112075,90545700
2026-02-05,275.6520690917969,279.2387093202658,272.97458180817284,277.86999494352693,52977400
2026-02-06,277.8599853515625,280.6473855638201,276.67109542368036,276.8609202349588,50453400
2026-02-09,274.6199951171875,278.20001220703125,271.70001220703125,277.9100036621094,44623400
2026-02-10,273.67999267578125,275.3699951171875,272.94000244140625,274.8900146484375,34376900
2026-02-11,275.5,280.17999267578125,274.45001220703125,274.70001220703125,51931300
2026-02-12,261.7300109863281,275.7200012207031,260.17999267578125,275.5899963378906,81077200
2026-02-13,255.77999877929688,262.2300109863281,255.4499969482422,262.010009765625,56290700
2026-02-17,263.8800048828125,266.2900085449219,255.5399932861328,258.04998779296875,58469100
2026-02-18,264.3500061035156,266.82000732421875,262.45001220703125,263.6000061035156,34203300
2026-02-19,260.5799865722656,264.4800109863281,260.04998779296875,262.6000061035156,30845300
2026-02-20,264.5799865722656,264.75,258.1600036621094,258.9700012207031,42070500
2026-02-23,266.17999267578125,269.42999267578125,263.3800048828125,263.489990234375,37308200
2026-02-24,272.1400146484375,274.8900146484375,267.7099914550781,267.8599853515625,47014600
2026-02-25,274.2300109863281,274.94000244140625,271.04998779296875,271.7799987792969,33714300
2026-02-26,272.95001220703125,276.1099853515625,270.79998779296875,274.95001220703125,32345100
2026-02-27,264.17999267578125,272.80999755859375,262.8900146484375,272.80999755859375,72366500
2026-03-02,264.7200012207031,266.5299987792969,260.20001220703125,262.4100036621094,41827900
2026-03-03,263.75,265.55999755859375,260.1300048828125,263.4800109863281,38568900
2026-03-04,262.5199890136719,266.1499938964844,261.4200134277344,264.6499938964844,39803100
2026-03-05,260.2900085449219,261.55999755859375,257.25,260.7900085449219,49658600
2026-03-06,257.4599914550781,258.7699890136719,254.3699951171875,258.6300048828125,41120000
2026-03-09,259.8800048828125,261.1499938964844,253.67999267578125,255.69000244140625,38218500
2026-03-10,260.8299865722656,262.4800109863281,256.95001220703125,257.6499938964844,30590800
2026-03-11,260.80999755859375,262.1300048828125,259.54998779296875,261.0899963378906,26218900
2026-03-12,255.75999450683594,258.95001220703125,254.17999267578125,258.6600036621094,40794000
2026-03-13,250.1199951171875,256.3299865722656,249.52000427246094,255.47999572753906,36930000
2026-03-16,252.82000732421875,253.88999938964844,249.8800048828125,252.11000061035156,32074200
2026-03-17,254.22999572753906,255.1300048828125,252.17999267578125,252.9600067138672,32361600
2026-03-18,249.94000244140625,254.94000244140625,249.0,252.6300048828125,35715200
